type,value
hash_256,B7B6B6FE234B1A1BE52CF9A2E49A46E4D228BFF716F804FC65DAE028CCC808F2
hash_256,1DC4637C1742DC1ED731A0EDBA8DE466D716F143E3451BC2F791D7D06EFA2C12
hash_256,0C28501CA210A76FAA4CE2409CED2E62277FA4BFFB511803D11C13A19528252D
hash_256,B00B68AAC041EFE7DB672D35DDFF540C32D871FD56D9EE27FE90271530974DF3
hash_256,C1DD9F9738D50C1255B7CEBB6855D6088EE812802E87B112E96844285889CFA0
hash_256,50B638FD835ABB6CA3C0A3C63979F60E0F757EF210BB3D517FA604EA631C7FB2
hash_256,A1B5F000F61AFC3EB5E78243308A138AF394D6221634EA320468CC6A9AD53127
hash_256,5905C3DACDA1D741422C8E4EEF8B131302848949B0B29F39210E6D3F7E2D4EE9
hash_256,053D47060BFB24E98C1D8583D8CAB43ADC99EE2ACEDD5337C3209CAF3933733E
hash_256,E97C5A48CEDAB1F1FCAF3530690A503B00BDDC36E290D570C58FA3B130F9D3AF
hash_256,67D8DEBD44061714304946A1DBEEA0EDB112FD7F4E6A4C50EB7012F4674ABD29
hash_256,99F88CC533D545253A89D454728BD9A5746D959A64D6D845D0C2FF75426F8765
hash_256,D62BEFD23BCEFC8161FD8F6464A47B5C5B61BD2252E4C36E8D329FB378B97A3B
hash_256,8A4C64F2444D6C610D0B0798C601BC2941CFA56A180E35BE3351A2C9FD5CD5D4
hash_256,B784A7C1E2C01F1AE39983C2019FC4CEB2A51808D2E0C7F657C7C325746057CC
hash_256,842FB9CE97E84B2739CF69B2E0CE4B7F8FA379353148E302EFC40BD086191ADF
hash_256,2C5DF21E55E8001CD23097F64FAE5EB887DA8BBB92CC55A6A1F6356F108FF59E
hash_256,93F9F7842A83F95CFD2E464769081AAEEAA63489B3114EA6574BB1CB31DFBC8C
hash_256,3D85E7A7FB0DBD647A8EB7D411CC06FDE074B99B5FA6BF63ABB811EBFA3ECC46
hash_256,265D96BCBD4F7DAC660B2CBACA48CF9E8793438A3EFF4A26186DB98076AF859A
hash_256,5148786065FF5A3F105ABC6AB6F21F3973BD3810FABDFF5E8D52D79B501D8EFC
hash_256,3148E18DFB965DE714F438872F3764619434A1F5CF641EC3D345416E2051D56D
hash_256,F37E1A4F07270823CE804C259982024005318B1F40F1780D9559065398D01483
hash_256,954C34BDCAE923B415FBF4764A2DC31A5058AD87FAB019CD85407A514E1C3B45
hash_256,EFEB935A28E606832E45D7A43BB8A3828A86DBFD4A7B74339E90C1C809A6954E
hash_256,320B5CEC084E14E571817FB9471A221D7E3C56F08EAC820359131A1E1282BAF7
hash_256,DC470E8291311A236743BF24F4D5B47F2610FB644BCF8ABE5D9D771B3778DF17
hash_256,92A59BA862B02BF83AA113AEF166190E08F8C384CCE10B52558B6675D5D26D9B
hash_256,DDE3DB2D88C65C58EBEA4BB3CCD41632CA2CB8734576A3C5C9BE0E93BEBA3EE7
hash_256,C6C096F5988C4D13CDC822B709E86DAE488F00570F512046526CBA0FA096F1CC
hash_256,3CE3E88F666954B10DE333DF8D5CC5B6F6052A5B01FD129C21ABBDABD23FA0EC
hash_256,9EBDEB52B2A0A6D6307A86EE7F973B6C622BDDED809356AD27C2769DF03DA834
hash_256,500AEF6D3A8FA8711B9C6089455396FFC22B1C5E74F1FFBAEFD70730AAF39B64
hash_256,137FDC5FA43C5843336D921F5A87A40D84FA46A1573C71423895DAD0A4BE4D60
hash_256,0ACEA40F63511D06B914228E91522A7A6C36C933189734FCF20B307D385F483C
hash_256,7034B688B7B0B98691E8996FA1D4DDBDF93C868CA352B80BA7EF1BD2683E2212
hash_256,3F583D539A0798B1E3422ABAC21F51D0D821C7D29E0FE43E42BD7D2EEAC7895A
hash_256,ECBEA46CB43C8899450689D6A768BCCB6D6BCA6EF9E763547B8C431AE12F1FB8
hash_256,159F79AF3DEA514822D981E3BBFA50AFEDE4A90BBB7CEB3C132ED859112597C4
hash_256,23E15C128F1B1A5A4F0D4589F0E04626D351D638281B0FBD3D1338372EAD3F91
hash_256,84262CA60F6069FAC852AB52DEA9D398D47E51CF7E599C7FE2D73AAB1F5DB65C
hash_256,274C821D21C7B7A0653D84BB7A4C877114648FF54A8D33CC4F7AE2B4F197D34F
hash_256,0580AFD9E1DCEE43A62876FCF3BEAEEFD3CCDF070134BC909867A44695DBB883
hash_256,ADDF9EA2FAE2112C986F93F0B4CF29192583FD8E92AA3884A394BC869936C53F
hash_256,5626AB1F6F403CF07E36592E25D3F1983DCD0CC0FB3BADCE6E3C83B10EB2F227
hash_256,CBA4F2DC5199A930FC1F663B268058C1C1234C30D46491A5A1191411A9DF3C40
hash_256,6D4ACD57B0B0C1AA07DD63D763E2F3722F308AAA2CDCE6CA093101B7416D4DD1
hash_256,F11BB2A42B929056E39526CAD23E665F029F0678A693E1EB5E6154A01E9AC752
hash_256,3FFBAAED604780DFFAB5C6985FC93A0EDD8C9246E706C23AB3BCE1B40BDAA972
hash_256,E9B0B674686FDB660BEEF12AABB4DD6006A486518695622F1C6B8B1F6B0BF099
hash_256,990527B0BD303E04493BC2EB4721B365ED0D3FABBFFAE2759ED63B5577229AEE
hash_256,83B016F99985A027342C2080144987532C06CA13E83073B82726882AEB12405E
hash_256,5DF6DFF72EE2B839E4A689DB54D711ABB441B489876114B454A32D42CFB3812D
hash_256,C56B36C50C3F4CD1BEABA43EBA8B726960B91814980EA11EB99EED264AA04205
hash_256,F0615974BC8385567E785B25A6500944845DEA09E0488271CAB08422E5CE8FF0
hash_256,989B95FD11716651C70178A9CABFC64582232E5204B999788F66098303071C67
hash_256,166C225BEA2AE8FD4034CD6012072D2F0D0E004086E5D16D46FE76A89F172A16
hash_256,C9F7F44E8251854F9A2E761091B133C48F20D07FD80FCEFF72BD6979022C28A4
hash_256,DC662AD627CF2F460C5C6CCA407AFE423524CE746142CF2C70EF44A33A68A663
hash_256,702606F2B231D3220EC80A85E1B140C2DCFBE940E0E778E9D759403DE9BB7244
hash_256,1227C74870C38D61FB4C34F5F15584D927B99B6DB0BB3466CAB8AB3AE9DB5656
hash_256,B2BB618C17DE0B0FC216C962A3D3968FD9D70236A144CEA2CBCCFF49AAAD7C1A
hash_256,970F9E53C338E83552C0388D3E71CF68B42EE5B3C721598D0812FA0123F479E5
hash_256,9CA8FD5A68AD064E77AFFFA511D0E0ACC6494F0DD1D63C92676D347BAC812821
hash_256,CB23AD8D449759D16386435E2C298068648B8C12F849FB672BAC77F6B0AB5357
hash_256,DD476897019927EE7B0ECBF993E9D821181F97C2A0876698767FEF356A09E6C0
hash_256,C217FBDC6D08718DD2FD0DB1D545D2D7E922457BAAB3C31FAC67DDD4594907D0
hash_256,DA5340FC38AEE8A88F79AC517094728896D68782D4595FD594FF31DDC0F96ACF
hash_256,D3C668B229A44925BB3BC24CECBF854B93192AAF0AA2612F5FCA54B14158E305
hash_256,C5D88E2660332DA66BEE3D5BC4E050AE1C3B798A2A72D26378B76EBA370D694B
hash_256,B321B17AE8C3D995D24B61606CD85842CCB5A44A370F8F5553FD6E633CD1FB6F
hash_256,DC40B4DC2E2C5059A43398AFCC200C3A76A72BD970136950E91967C72C047EC7
hash_256,889FBB8356CD1656DC337D75ABDDEACEDDAE678CEBCC6F1330026B05E2C3E9F6
hash_256,EC3FDCA3E25D77F9E8735122F3F1AE85B9C16FB0F3D4E1B394E467E820C97828
hash_256,8AEB883E32C4D32B7B9B01C61BE0BDD63E7B4FF8A56F4094D96E5016BF69B5E8
hash_256,5FABE73A4077A1364CB257BBCD5BA4E71F9DF04EF039CA3BF54B4BCCCF8BC810
hash_256,7129DD83F3EC25E2F9790F2330E8B4EAF1A990F85AC75AE9D96D78333557AB7F
hash_256,FFE5BD1B210588268208AD89C3D5FCF9DE0E99ABB1777FEE5806003BD4EDB516
hash_256,7056AC5D1B2A17805183F8019EDF31C4339204BA769828213D50AF1F821AA1D0
hash_256,34C88CD591F73BC47A1A0FE2A4F594F628BE98AD2366EEB4E467595115D8505A
hash_256,BEB9DD6D5C458842FDA85629EE09CACCCAFA779CC15FC6D297C5C49D2FE1C649
hash_256,925C870E612E8C1836900AF4E086BAD650E6F32DD76F0B524FE72C52D7B58FDD
hash_256,5D8724E834F55B03F1545643520650F43F21A844129DE81986E969517A5979B5
hash_256,944A73CD4766D9759C6E570E75A82FDDED834593DDF2B9913597FD1EE4527B7D
hash_256,DC93963DB7F3F5A48ED34BFA79A4E333A92BA7C52A2D482E73366DD184F052D1
hash_256,6E482F22987132257C9DDB0944E83C4692827001186DB036B33BD31DFA4CB376
hash_256,3F8835B8CDC4CA10EAE08E631EF59BE39CA1101262AF54BE227D08C1E58ED74B
hash_256,2D7F3F96AEF000A382601C0DE440F8848EB050863B3CCF7248F00178099627E1
hash_256,4A21AB438BAAC2432E52DDF6B6445EF5EF7C818D89D676344B71AC94A64525AE
hash_256,D9AEA1D05702A4F8C78BDD4C8FC677745E29FBB5B57FF6FA14D359E6182E77F9
hash_256,4D22BF17827DF1CB079D0216AFC6DEB4D212CBCE957BDD6783A871B8C518E4E1
hash_256,736140E10185BF32BB6E32FE26BB7FDE896E1091939686118AB01BC73969A6A3
hash_256,5386F156A609FB0D960AEC7ECC410E0E358F2FBA8CD6FA6DC9E3359E7E0E7F4C
hash_256,CB8BD0BD94F4A00F6C9D03DEC794E149F353A2019E4C2321927146B36D9495B3
hash_256,4870A79A2CF6C38170A3A3B91257B54F040A8779D24810858F4CFDC1945AA2E1
hash_256,CB39FC725785189B789C26A516EDCD869FC07DDD9C41D0FF0F315C305664BB17
hash_256,4FD1586D064B40F8D774DA4A3C0247CFBF578DB8DDEF7BA0DEE31854BABE5B21
hash_256,E319274AC4EC9D775FE9912A53FA54E0A7132C45D59D85ED6658C6B9A924E2F9
hash_256,038D4B0ABC327592D170FEC02F9333062F7C4DEE36DBC7025E72906A28FDD2DE
hash_256,7CC44085F108BD19DB7E6B613A9804F4646564E80CAA39125429B1F23F5321A9
hash_256,AD1DDA4D20AC4DE23C56F98E6D8E03646A5C60A2DE9206E66B10E5E8809C617A
hash_256,137F791071FBD0A3577F4E30C9B5A9100428245F1E0A658A40FCB77D5749CC18
hash_256,4971C6B2B0373685B1C357E7AF591065F79EB5B38A31C03C11A22474678F8D0D
hash_256,5C2ABC73448573AF3585B709719A9AA33C46B11D2A9D141C435F75C0E7DDE2E4
hash_256,0AD303BD0B53B1486E215D1DEF40599B740A90F14AE61ADE6A92A73C03220602
hash_256,28104932E93DF51C657E8D19622D776D8A72FD26AE89B06C0403C1479D2EB42C
hash_256,9D0523CAD9A9C6F2F6A031B945E8D619E78934E50302A28EE1141476EB9A0CF2
hash_256,604D1793F1B525613A9394A0DA2EC6FA9C26F8B2D7084047CD4252F1B1A2FB41
hash_256,0AE9AC685FD3DFB1C7082FEABE80AFE5D1B3352AE67AC4D5395CE5A5405EFE22
hash_256,B94E6276C5BC6405A16A624258685AC7C7147E380F7D8AA2C34E2EB1190A09F1
hash_256,548ABFCEAB33D35A3CDF9ED63DC5FA79979DB6FD3035BBE7C25E18D80463B574
hash_256,A2E98DE55D4A3C81165C8A19DE997494642D8AA7C1BBDD161717FD599DCB4E4C
hash_256,4BF582B2AE91E53805BE43E6C232196BB02146E72295D9D9CCF8632EA068B1EC
hash_256,19CFCF702FD69D0C99FE35FB03151A02C6BF2952009D6BE73D206AAD1A3EC746
hash_256,CB445C19562CFA088114F1F6A7C7A283402B5ED699D6461B380721DDEFD36E4A
hash_256,848B199EB90496D2729636D02E3323E9B514FA4C65F6F35B64348EF17C07FB60
hash_256,9F5063A5D4B2283F016EE3B357244F37ABB43525EFC947F5E0181355A734AEE7
hash_256,9260C795F235D534F12AC7F27492658A7EB1C641E5CE1EB4F84980F42202FAD0
hash_256,33F57AC83DE7AC4CCBF5A352BE524D1D646883D30292810AF7F0D2CDFD23B869
hash_256,0694F22FDA42C2287AB6C8E68C7742646CFA59C5AAFA45C47215118E1350C41D
hash_256,490480BEE9110F5C4AD54CB095FA1636E48EC9A704C97F6246E3048C8F83A091
hash_256,E2D0275959E583B0F19563EC5E4DB8132943CC7CF34B7FE4E6DD865453B80751
hash_256,31F2CC1157248AEC5135147073E49406D057BEBF78B3361DD7CBB6E37708FBCC
hash_256,49EBFC23C5B572D70AAF8CBA0740E7DE943543558ED7285E044424FA39790E00
hash_256,E114F154399C21E73566F4F5D60FCA9935C071BF27446BE049CAA62266694DAE
hash_256,0485CA8CB66EB3D25E2FC0204099508FEC13D03C9239609B1C07FFA2F0769DE4
hash_256,6F2B1A458465B8B2722863CA4D2A24773DFFBC4D13A4BD3086766CF0D9868271
hash_256,E23D1F08FF64A79124B3D64DC71473202B6D28DCE3B93E88B72B5E23CD6E3E9C
hash_256,CE52F735B9732B2357D8CD14704980ABF54E23BAC7D2DF35A52BE2BCA33C1397
hash_256,A48E91FE2877096F67B69E4FA96CB24BD249333742237FC5C1EEA275637BCDFE
hash_256,CFF1EAA0085A278529476C50FE4C0190D2AE40111D2963A088E766148CFF61CB
hash_256,A2003757B889EFA2C2F73460524F7328909BDFEC9CF0283666141F0ABBDD8D2A
hash_256,3CB0279B64B37764E0539A5B044321547FD4045E040B6466C98CC93B79022837
hash_256,C841222B1CA0B7444EE3EA45FF131907635CA483D53E6C5798479ED1A02B7685
hash_256,39489D1A4662FE790EDA7C599E9ABC7987B3C0BA945FCC0FBFEDCDE9EA396250
hash_256,F8E4BE8A1472BF045FECE5427A339D337839F9926050D2CECA562A09C6635EC9
hash_256,045C1560CCDBDAC3B7641F566A01092329E14EE4E1BC15981E31FBF00631BF51
hash_256,EEBB18A6F3F47A688AA1EE890DA1B3921B273C97ABC36A721FF9EA6D80B8B10F
hash_256,DF16BAB11FB34EE411D126E88C861D9794B4D7DDE0FCFB4E96B62CB9FA6D3120
hash_256,A5865E1EC8DA933DD8A084062C3D43896744DD2FFCC7A692DCCCEA7076FF3E51
hash_256,F624796C793E75A1ABFA6309533C8F14FFFB34A5DCAB091C1D28E4739AD7EB97
hash_256,8DBEFE04614DC3903FD571823AEF57A336043F653DFCD207EA1BCE0CF3499DCC
hash_256,0A454D4028B95C4236AF102614399C5AC21D77F34DA56270DA2F60D27F64481B
hash_256,DDEA1B9322FA77E77A90EB9F956F1F81BAA87042FA80DC6427C858A0BE120FB9
hash_256,A0F23B8285DCAE8BBE0111F59D54F98A63E802896C5AF9F17B3E6BEA8D205A2D
hash_256,47BF89A112C0C141AC31EB95939DDB9F8D910BFB0851BA19C3E00788F6A888EB
hash_256,B8FAFABC1C05188226698C1684F03EF02FE2C7B1F0FC3CD902DDE5A94E113DE4
hash_256,E0950CD3D8A1A8B75134B95635ACBD54A1E12F08CD144368935469ADC4694D22
hash_256,5DA156784E388740C234B1293B2EB52D842B3A878D2FBE54B9E488CFF0CD06D3
hash_256,24026FE4A90FFF804F3F0B12325537CF87667559B6DF4CA04E3EF7DAC3972221
hash_256,1A715934B457B1829C35D6D24A0BE4A0C7A3CD80DD2EC37C678E66DCD3CDE6FC
hash_256,19395B14F0223CC47624CB958910603402BFCDCA643CD82AECE21C98CC763528
hash_256,FB21D79C058E62644EEB17246C2E1A34BEA4FF92E7C4D1360300748E3438EE97
hash_256,6E3C8D4506F2E899CDCD3F47E036AB322BD604A221997885713E8F6F344C7489
hash_256,A4C62B51D63661C18FE8B07E66199C6A4C4E2C94689BA6F8B18607EF4C12D29C
hash_256,53372D3ECCC73F3E14AA938851F00F0F512815887B7D7329C7D4A15FF6413FEC
hash_256,27A217C81ED61D92A4B1ECE60320630AAFA32054FF9922D97B727F433DEA5D7B
hash_256,E846525FA39C9458AA980A43703074C66BE243D6F8065B25C12ADA201B9D066B
hash_256,EA88DF9B652DEA0D1E50CFC86B723A3D695FF422FCD8A09BC7A00A2B0DCE69A0
hash_256,A3279637044DE1930015093512F41BE176DEF697AB2F97C2F890ED733D17BC70
hash_256,577EB1854E987EE276AA7E8D6776EF188DCDB1CED412D8DA55FF0974C996F6A3
hash_256,928CCA0E8D82F9CE2FE161DF31C998C1F690A01E7B3552C7D131CE6EE6AE080D
hash_256,AE6BB6CADFA3D0FEC236F679F6B41352CC4B61C1B080E2A128B345DCE559C2FE
hash_256,7EDB8A170E80EB01B873051E2350D0E2E86CB9E73ACA500F0FC1E1D1DBE4397C
hash_256,78DC29E79A6B7CC4CDCB40965FCA352AEB7B4DE8219BC28BA1BA6AB67D4EE6C6
hash_256,E0A37FBF2044A8341F55D39A527C7702FE47C6D9C5978D4EA96A4DD274178150
hash_256,927B2BA8426ABCA6690850FF09FF79867F851CAAC5C94147A762D910181063D0
hash_256,E6889EC07A52B8371AD4E672C755F2866A1E0E6FA884B37E3686F7EBD803493B
hash_256,6B3B9C4D0D614C8DA06C85A51E3858F91A19959A83A996298B77C5988F0D2184
hash_256,9DC12B4AC3DA8E4CDF6B3C7B84B7E23256FAA2C90D222D06C22E28726FACF6EC
hash_256,D832E713A0B6816D7234FD686D69D04E0E45FCC4A0C85A0AE691327A0EAF6C1E
hash_256,DB703ADA932D8BD6319834A27B6E5E8BABA9B2171F9BEED107D51ED99ECC3A1A
hash_256,F2ACB92D0793D066E9414BC9E0369BD3FFA047B40720FE3BD3F2C0875D17A1CB
hash_256,4C74D9FA047C2832FA84894C3A4CCC49F4725CF38D992AA8CD9D631A04560D49
hash_256,E06E678C3F7D409712AE2E227EE0246D70BFC6348823E319883E9FB23197BF0E
hash_256,BF7AAFB615F075D9EF62C48002F0BB361D8353BA63469B8A61052A638D1F597E
hash_256,4C87A360A26B7A249A9E91D7B6FE2AD7D2EBD717874BE6C7FF81AD8BDF9A9910
hash_256,A3122A691CE6527E5A04D0E57BA896888F9D73F3713C4E64D72EF5F95F7234F6
hash_256,0C6E6E8408A30FB914DE9B6F5A7A1594C7CE148598319302FD0ED37FDB294275
hash_256,2AC9B1E83193A120129F13DD6C46D050CD5BC2ADFF7CC1150C09A88B4A2C227C
hash_256,7B65DDC2E80237A61A2D31F9FBF4093A90AAF4C6E1D56D96F6BC98CA87128EFC
hash_256,F84375C80315625BA13BA8B91AFD0EB431F6AC159813D18FFE17F4C29FD85134
hash_256,DD63DB83AF6D00C4B97B344A178FA988AF5AAF8F0D77A7778DBCE14C06B25B67
hash_256,3FE586D50CCB3E766725998B1B3AEE81E1227E6165EF4E3B937BAE6B4DAB8E9A
hash_256,883DDA1B493EBBDD3C3BFD33FAFE5F80C8CD7120916907AB44C735AAA6582870
hash_256,FE58CA4852F9F85DB34FB08E8611ACB6463E40B50D6EE864389D237D6635ACE1
hash_256,A7A86311D37A4A4E7446ED9923D3558F859C83276A676152A0C6506B892DE30B
hash_256,509FD4AEDCC2A1857B0056496FB195F5A14C5B91DBA4629860E0E60BC9D8CA24
hash_256,A43522BCD7C869322980ADD3072B613070FCC5D11987D75C6463ED5E11B112F0
hash_256,B39DB62407DF0F7168531BA275F9265085159D8A85FD0D141C263C3FB65BCC00
hash_256,9B7D9858462CE9935E2D2228E19C4B23EF8DF560825E10621580843E5BFA5D32
hash_256,74AC09A9BDF5B879E90676CB26B0FF794660AA207EF3521415AF96C33C83BA45
hash_256,1AF1483D0A04717829D951B589531A2886AFE0DDF2255839B525C30678789946
hash_256,D32740366EB20E05E5246235B7C71D95754BE1F7DF34220A2A4F9F6FBC9FAD2C
hash_256,E3E52E86282FDA22DDB3C6F371864CA4D07E9AD40A468EE6058F044C3E983BA3
hash_256,25D61CA65009915AFB54E07CA3B77BB0AA51C8DC6C3CADE5656111D5D263B9D9
hash_256,95F31A8AC0F48D8E7974398EB8120BDBB7EE03CB6746682AAD598FD095F4DF44
hash_256,E37393E370E2BE288A85362F390E9B1880CAA52078D8B071FF45DAB1191120C2
hash_256,C4FD635145FFDE6EAA581AA6A352611DAD7945F5503C59CFB5FB32C7941DBD21
hash_256,7D1CC38566146DFC086EF2437F7D26BC03CAA726B01CA12612B0FAE9871DF801
hash_256,21C24225308ED4ED0FCD982B77FA4E9C45FC879B53853770DED0FADCB0D08661
hash_256,68C315C6A5348BD1138DB89A1720120B50796BB86A5852C887C50B19E6D1A84F
hash_256,1B36E7CE098FBF38EB25B48FD1A5971857D286FD7B81A28AF009C93DFD6145BF
hash_256,DF55878CCC40CF912E23C286A84BF3DF62E1D74CC686D2D0D9926F27E95A00D7
hash_256,27E749058F4D415DE8D486F9FE72C07FBC339DF35123D7EDBDDADED72E5CE443
hash_256,F235D0BB347F119C5F2440C7E81800989AF40B484E23257E075674A097942958
hash_256,362B852313A08FC619006ACF1A7F7D38D028D2A4680D6A23238988CC6813B781
hash_256,9328903767722585EAE1BA4409AC5474A49AC9CD2011B48AEEFE332B6E1A8169
hash_256,429304299B35F1C8873E6AE9DB4D1EA3C7162CC349C4C810DBAE9AF10B36CF9E
hash_256,7BFB7DA7D88F0C1204FA716815CDA0CEEA22A2ACB82061456C78935146E46BB4
hash_256,A866F62584221817D9A20DB02FCE31AA5D508F700603988F032BDA1512675C69
hash_256,9F5660FCCD0C612EAD9270F1C52F4D6777DC2372B781600C0619B24F303BE684
hash_256,192D108750C4F761136100DC2E24FB46C0F9793091707711F9391E068D75B620
hash_256,7D14CCD3E89341E5F9803C6C997B088C120A52C7D82BB6D98BF3F90E9CCCAFC1
hash_256,7F091AB69C3D03FCAE9AE0A4CCA9BE473DE4005EAA2F4C2C004193C31F678D73
hash_256,03B690D4B206FC9184299ABCC00F4AC367624256FD69D7F312D27C92D991A4BD
hash_256,5B7478505B4039F99A650944460DD1C67A2775476308883DC98284F4D14A110D
hash_256,9B6D301B70ED0B2CFC29BE4221D9DA120CA05536689330B169622FBBFDF67F58
hash_256,C2CD097A85E6B3D4FFCC213261F128C37ACBB450066C3D0BBA014F69D99FD8E7
hash_256,37848B76DC8F7E7F5B061AD5B82D9E2B253E23BB4332E64BD4526D59A8A01577
hash_256,BA5FAACF4B78462C71B67E29696D805F0CB5403E9BC4E7D1E9F6E1B8C64D1943
hash_256,E43095C12C86DDF6B7531B01D070655FD1871AB2893210D5E7ECA9806AB16844
hash_256,79F7F8F82B2E79932D4B032F8DEAD556B790CC3E250E28C43C143D827E83A6CF
hash_256,37F978A0CE69C218211942AC4E7EF465695A40302190EE4972E3C68E653FD4F6
hash_256,A322F61EF867F682185229F5D526B203C208A226D0A51D24D7ABBF3D4F41BEE1
hash_256,8AE2098AD4181851AC4CB234CB9C1E571C3F0B28655EE7D3BD0A706C0B449C6C
hash_256,6190FBCA10954CFFC307109FF09CECF804D884ED1269B8F38090585962790FAB
hash_256,E6BA2B60A8DB90A21716594DF00335FA1EC40174EB0C1E33A807B323AB9694DE
hash_256,939D8280BEAD2E569A16C8A80FCEF148914854B0BC5C88F1B387392E7FD68F68
hash_256,3433E2D2674FE577BD22BEFBEA3D2143B09449F084FABB1A2DC03B4F4A4F3CB3
hash_256,AEEB3F47E62D1ABFB4755A9EA8A66B010A14A8526139BDD241A86BBD45160FCB
hash_256,6B438361DA45544DAEEE385623D8162351A2C52C04F6B341D71D2E1678AA423D
hash_256,57F471B90EAC5A8204C8E92DB3585057CFCD325E4D6AE8ACC93AC4BAEFB6C34F
hash_256,67BB6F8D5B5305E639A0D73C95B815B75DF878721C3E93A79C7A0C4ED1210CB2
hash_256,463DA58E828F60FABFB1BBF41B85CC0D827065152AA5339D48960F803CEBC1B3
hash_256,6AF15D8CF67FC6D595BD648666B4923C767612B660B7694D4A725464E39631D7
hash_256,839D4C9A674AB682AD8DBFCC01CB08FD689B2FEC764CC0505542D604C524E225
hash_256,6345417102EB2390B78A5C6ED5B71DE9614F03FD1DDFC641041B7C466F613294
hash_256,0EB9D90788E376A55A031CF25F5317397D167389DA0B5D7D1D4A2618E2BEF26A
hash_256,22FDDE1F2295D6DE03B9C00907B3591020D644B2006B8891377DBAA284BD67F4
hash_256,DE53FB8C0C5AF10B16538CC652B9D8DB663FDC440A7264C3C9C21DC7960C3C99
hash_256,7E287B6425F7E86A1CA6D9D9B47935D53C0AA7B0CF08D5BA86E2DDA10D6457C1
hash_256,2BD22DFDE0A6C87D97A6750D6B1BDAEAAD29321E42FEDE75B8F960CD7C84972C
hash_256,81E1D92FBB6D63BA6351178A9FDF0853FCEAE0F4C46860F6242E7185AE3FC753
hash_256,A5FB3310D90515D0B13CE90278A47E8B6AC4101027987335FA9E441222CB2140
hash_256,4783FF2D879B745A7490F6FDAC7E184592C68EC9F3AAD68EFC29A70664D58E2B
hash_256,3055DC1ED2F048CFA3B39541F6029A5B67796E3D075905021BABD63A6A268565
hash_256,3F4658B8C6C3499DEBF60FA594D1740234B3FADE6576F6C917B39266A7CF1889
hash_256,8704B1AD2CF8BB9F378D9681FC322ADD9AE5DAE2F98328380983E851176C6985
hash_256,8E215963A1DB786CB5E11C5763E8E5DECB157308717D759C631773AB2612F50A
hash_256,2A040247B0AA67D69374442C00FA34438AF99BFD3E3A0353E77D5C8BDF61C7A6
hash_256,9EE6F1D632C42AFA2D9E5503E339BE998F0FC02D434793E297BB09EA10C639D1
hash_256,147428CACDC870B804E9DC78DA1E649EFE5CBB875F920552504A59785DF081E9
hash_256,6C799208822EE8ABD157A9DB4D30BB8387129C56364CA22DC6CB64B3DF18C4D2
hash_256,ADF59547B5B53C560D5E47547F7BE97C6AEA964A65B95FC25FE0C7376134531F
hash_256,98B9BF4B530CF4E67049D555627529A225D2774EBD2A321E6D4BD5F12C8C7FA5
hash_256,C4C2B86F04F8FB8B1200EDE9624389178AD7D32282A19A58D102607A8289C957
hash_256,5C4B8C0B89EE94F9DB7996E9946CC44DD4A129C1E312F726BA8637D5D77F7251
hash_256,1800317E6E7782DD9AEA299A87B3EE776F0C511A0E791AE2E56C353B46A74C5B
hash_256,49558859FCE429D1ED4DB8ABB4AF92BDD3D563F909CD61936BC35267EF671576
hash_256,10C4178070E22E26557AF5349E530463B196B5AA68909B41147B0BFF4D65B650
hash_256,6AEC9C66E038897A9C8B172BC055B13A9A400744FAB1E39624A29CC045A3E496
hash_256,F5ACE5051D491FCA1ECD33A7FD9C01C944E2A57148FCE0CE7284C28BF7AA65D5
hash_256,7123605C3993C790D9134BC6DF1F1FC8B2251AF824BD8F1AB1BCDBF49CCA3CB6
hash_256,C2CFD2E9A43B23BA9E6FF765BDB797FF957AA1AF29312A554CC878D6294DD064
hash_256,C4A81CF85818D5DAA9B0A9BB887653D1EA3AABAA6D244452B08C538CBFF99F31
hash_256,B595884D0FE20185DD64281D2E3CFE8F446A42CEE0AD9B26D57AF9026335067E
hash_256,5ED18E398E6C3AA6CEAA956DD67427188296C4B97A5A6BE30C9F1C310A8FA25F
hash_256,B9D41DF91F07B20B51DEF9129C656FB543E9CD64AAF486C33F3A9722C0A4CC4A
hash_256,39AC93E6E0DE84B196191EFB9E29D149EADDA5DBD127FAAF64C67862B4AEBD6D
hash_256,AC3661890216D356330324D8EE9E7E4D7DEF4C8EC9E0E84BE690409E82214919
hash_256,BC9465DB3BD7D6CD760001CADC7EEE9239936F5D65F5DC533441E56F4630FDA7
hash_256,5A55045714D1F3461FC92D81A2F661D170B8FD3892DA17F10C0EC52C8B2D57B1
hash_256,17C3FA00C8C4B941AF324C32A3635CEF4BA334BAC52BF51118D23D070EFD9603
hash_256,6ABAA7662024EE68B19367FE1CE8C3E3F62638A652E14F8AC7B00560CA76577D
hash_256,48051DD2DC09D8BAC6A834865014B094892F002E6AFC3D62BD144DA1F15E036B
hash_256,BE7E53CF69A5AC9431832CC5BC2B2EEA7D600A01C3C2F059C0F17AF917550D9C
hash_256,27E2B3928808990546B54B5E4F9F4D224272218D54BBA9E7445401F9F40E6682
hash_256,27E0D7A676570E0E993F87E41B86083EABC1D90856A7639E3360A849BF509D61
hash_256,ECF51BF222DE2A602D046322CFC2456E72E09936C37A45F26C61E50C93ACCEF5
hash_256,46F9C3709D60181D4D17549EF4EF6D9F62221CC137E7039ECE62B35F85ACEED1
hash_256,14641DF32B28CD4EB6EBBC086851FD5D65B86A0366F1F84FD1091BC02B6E3851
hash_256,6DF6752A7D184B588F46619F640C8181EED799988C27C1092FCC4D8D0D01D9A6
hash_256,DBBF8BA322AAF7B22A5FDCD7839832C552F9368D0D22BA898E09A2129263D710
hash_256,26826931F4B7A9222D4ACF7228766F6D0224A66A02FE76422FCAFFFDD925917A
hash_256,765BE73B6849B1D4BF99C0EC1B3A7050E59D8FDD65EC6F8BCC6EB4DA25DED3CD
hash_256,C5BD04EE0FAD21B723311204BD71FE9E0EE78145182885DFFC2C871FE6DA3CB4
hash_256,621CBF977E2821F13419D69B1A9F7388524CCA4BC25A30F28C4DC4165C86C5F2
hash_256,0E77F55791C1542CB301ABE5822264777647D89F5C4416C5BBDB34686A5184AB
hash_256,A9E82DA37432C0EFA908DA5B6793D0050D017A7B11B13F367526EAE12E737BCA
hash_256,7ABCA4A9428B704FC0B9A419BE14E34B4143BC5A720264F41CC0AAD936E479DA
hash_256,F5ABC025D8CB06A4216EAA6D803D6F6E872B23BBE18CE5D14E56F0C553F8719D
hash_256,4533BC4EE0EA797C52BEBDF6D63386699D09F0D43E2768CD18E7425719D69C69
hash_256,2D597C43E41668A9272936ACE5331658A6927FDE43A8A3FBC3047C20E5002839
hash_256,5FB19941788C317EC3B626FA01EFB739236165BD10726C41963D8830C8534231
hash_256,261FDEAA247EECD6E7C8EA2C15E3C53151C2343AC2AE631BF83CEB7E35852240
hash_256,33ED9A58CFE927F655CDB5A06C9E6DC651A00C84D28D32B3B2E1A5E4D154B5E7
hash_256,2B26D7760687D399450B736EBF72EA89F295B6E8E657A2435DE27AAA84327AAC
hash_256,5C7D8A9AD00536B3D68785144ED58450CCCCF7065B1E624C30901E6983D4E11C
hash_256,141FC0DF3EEB41FA92422F4C1E219EF8BBB69959AF621BCDFE92F007E51893B1
hash_256,B468E8BCAFCB9BCEBD32F9DB8153EDA76A56A8B3CBE7A32570AB9D28BF27FA36
hash_256,486D1A1928873CA8CCD2DA70C1952F0F5D48050E1A2AF0D36C97CEE39C256DE1
hash_256,F4EE60CF94B6A6FF5F5208B74C139B621D6C66C922286A9DE54791C4427BF6B3
hash_256,701646FF975298B40337483A34674B143EB5F6F7A9C1C611D159CB9AE0B5DCD8
hash_256,40BFC94E4B4149914F0FD91467C16D87C381926592D776F9F6689D56F3087DA2
hash_256,838906FE6A0DB44D7C4FEC9A638C19ADC5A4EF0D5D45477B4B176ECB966EC8DD
hash_256,7915B6EBE3A646ED334AA1C044DF61E03BAD963794CF155FCFDF2B07C7B50011
hash_256,BC9089DD9C76402DD84241822F08A9BB00711BCF25AF75CC28BE4DF25C13B26E
hash_256,5FE9ED78E96E3C1F13455318295BFF6B2D13BF0763FD63575B91D5FE323F63D0
hash_256,4627B47331A39A2D31AF1F862FC4CE373E5D7D0F2AF058D967CD8201981D95E6
hash_256,5C3A98928E0E8BDF03FD19993D6A5EF1BC1E726A2FE6AF8B3EB05820FB2281BA
hash_256,A5BBB109FAEFCECBA695A84A737F5E47FA418CEA39D654BB512A6F4A0B148758
hash_256,296226D81BA4E54E3A53F572DC2C3728091BCB0231DEC6678AC830548C3790B6
hash_256,B0035E853E3F98D7C45C7EFA6EA8B01223D5DEA0463223D1847F4183279E32AF
hash_256,18A078A976734C9EC562F5DFA3F5904EF5D37000FB8C1F5BD0DC2DEE47203BF9
hash_256,552B7EAD805CAF39D1EF295F00DA3E0AD34324D8AFAC9162624461DA259D24B5
hash_256,A55C9D656FA52FEDCA07E115A78A3F0099A8E473ECD8ED542D2CB2B2ADE24FDA
hash_256,E3A6A4402B648390DE0EC3CC1A9005F0AFC14D7FFBD888B14CE4EB74FA4E0339
hash_256,5652649DF685500849AC420A1A730E4937DC5CE90AC71A97AFF82A212BBD3FAC
hash_256,3CB0D2CFF9DB85C8E816515DDC380EA73850846317B0BB73EA6145C026276948
hash_256,BDF9233B22C4408BAE29A8748A6443D884A981255C07697F95ABFD5B30294233
hash_256,3B50BC7398A0C92A2AB530DE25D983B5E76BCC204E32CA0B11BE49C959AF9346
hash_256,781B38631EC7C85EBA5A9A58F9537D6307EC8C490363509D44198006098165AA
hash_256,18101518EAE3EEC6EBE453DE4C4C380160774D7C3ED5C79E1813013AC1BB0B93
hash_256,3AC8C22EB7C59D35FE49C20F2A0ECA06765543DFB15F455A5557AF4428066641
hash_256,38EF9946DA8F17C50483F46F03E443AEEAEDF34665E68DB6FC3223954AB1CDC7
hash_256,CE9802B22A37AE26C02B1F2C3225955A7667495FCE5B106113434AB5A87AE28A
hash_256,D465AD38CC45F84C4027463027B067BDF9922F8F8AA78F4C42C0C349FB1934BE
hash_256,B45A0283D1CD5FDD7470AE6EAC9F915E2D7DA5123B02D7EFE68FC4CEAE96773D
hash_256,B330C821232FE781422CB764056EABC01F9C655999C4ABFEDEDD3D52EC1959B7
hash_256,09F0EA9B239385EB22F794DCECAEC1273BE87F3F118A2DA067551778971CA677
hash_256,BB4D5A3F7A40C895882B73E1ACA8C71EA40CEF6C4F6732BEC36E6342F6E2487A
hash_256,365F180D74AF11D18B6CCB35238C8CD58C9C8C17E6EF2EB1BD4A4E910EC7A63E
hash_256,915A6D46CF23FE39B7BB1C8DE2E96092E023E1C9B4FF635CF07285B13267D2B4
hash_256,A0F183EA54CB25DD8BDBA586935A258F0ECD3CBA0D94657985BB1EA02AF8D42C
hash_256,E66F7A0C8058FD0192428EA96E93E1B171813281DBAB0C97D198F9B0C0E2F800
hash_256,15870D946737EAD7D45A63BFEF838D9E214E6829486E7EE13B39DEA480585E87
hash_256,9029D9E3F13D3066D8098096DE28E0B2AD04D8699E95E0329038CC4C8C0314F8
hash_256,18CC4C1577A5B3793ECC1E14DB2883FFC6BF7C9792CF22D953C1482FFC124F5A
hash_256,1167AB223C6AE3D843897300FE37AA2CA1B0F84691DF7DF57BC8F0B5BC2CDDB3
hash_256,C39FF35356D0FA20E7B79F52DC2C1507A4A6DFB7BC2286EC0534156B925A2976
hash_256,2273C6EC31C99B92D4C4DAB1AF81E28B367C87A6E610536B5E76C48880F7EB79
hash_256,416F70B6EB15A16126EEFC6036D1AC29875CA934AA125D5E45C37EBEA0665AC7
hash_256,FFD63F255E61D04153249C209B9F0C75AB4A50B4D24BA69658E77972D67E14DC
hash_256,AA1C584C5EF02D9090FB83E0573D12A173112CD31F37642BF39A41FD751271BC
hash_256,D46D63F328D4C186B08C3E24DFB2C86FF1E581BCB6D8BAD6448375B44C532674
hash_256,EC6459309BFB59329121AF36D0A8AE2F09AD99E4238336189A82F74337C838BC
hash_256,E9785B4041032658B78705FA9F15F259FE509E617FE1ACD24C0FD31D75768716
hash_256,E6E9527F5DC508A8124E0F9E47049C4AF60BDE97B345B9578DEB13A74B144091
hash_256,E5C1F21EC5DF1BB898F19D86F790C4DC7BE25A89C9D256FEB8E8520952FFC8AB
hash_256,A0BDD8A82103F045935C83CB2186524FF3FC2D1324907D9BD644EA5CEFACBAAF
hash_256,080301961C5C0D9B4B7D0A0B2248B684638DAD9404BDBBD1F02AA3A4BA8FF520
hash_256,6C4A23C1C4F26BCE5E236542BA7E4B45403BD907C1123F76CA87AB07E1B93E20
hash_256,7863DDBE0A9E3DC4C2D531411C9D163A52563A9AE3E46B826ABF4689D2506000
hash_256,46C8289301129C0833529495F4F3748B5ADFF78E18F1427654CB3B597352873E
hash_256,D1BE243CF5C85F6F6D64D7BAD618C14E3C56DB6A2FFC2794973C505D2355DA07
hash_256,C4654C9FCF8855CCF629B5B5865A0A892346B6966B9B8B35B7D2B257007576E9
hash_256,75878EF76C45BBB910BB8D4E5F049585BA30C6C8A1C42256E10129564760754C
hash_256,7ECC9392ADE2449D43F5D79ACEACD7FB5AB947316CC7A55AB929904849CC5B7D
hash_256,C2FEF100A739E22F7E422819590700515410D41D8A173934035F5942D8ADF8BA
hash_256,F13F2E7A7382DE2C30D713C3B5502122AA0C08AE5D3BB8CF812A0887E92E289E
hash_256,6F24A840517DF15C4E5FD8FBE16D48B01A7DB29A0B212C30EF7FFED84AFF3D72
hash_256,971F0CED6C42DD2B6E3EA3E6C54D0081CF9B06E79A38C2EDE3A2C5228C27A6DC
hash_256,A3394059259E9228987A4D3CA19D72F4B0BAE86BCFB574FF6DAB84296B2C491B
hash_256,129BA064DFD9981575C00419EE9DF1C7711679ABC974FA4086076EBC3DC964F5
hash_256,D53FF8711C4CD1DF9DE74A796D655199D6551BB74381440CAEF01B5C0CC6BDAA
hash_256,45B505D2C70B53D53AE5BAC9326303F6A7F980AFBD1CC4164CAFC8B3772A61F5
hash_256,8233CCEF717176177E84F543045F7182F3EB4BC245A02F9CD0DE6AB403BE40F8
hash_256,21B9E778711D8348AE89DBD0B5F6523D0B2B3B06DDF1E69DE030AB2F4735930F
hash_256,C73122A93643A3F3794755D2E46E07733C937FEB10432835A72FC99B609C3F59
hash_256,D1455C42553FAB54E78C874525C812AAEFB1F3CC69F9C314649BD6E4E57B9FA9
hash_256,8D7EE5FBC692FC0CD1CC1F6732DF1619405A996478C16A3D03694398D0B39FA2
hash_256,469FE6107F9EAB76A820A5D0C5EDFE2386A16C8EF8C645AE92E7C2356299F733
hash_256,507CC49C93ECFD516EB87EB1205EA5D7021298E754689A7CCEFF875DAFE47018
hash_256,9EC1CE776D13C26F28D2346D2B4E974CB8EE9566
hash_256,7961263963841010A049265956B14666
hash_256,27D8266034C151FAEE8B6073D9F6802B5ECA740D34942FA2CAC1DF4AE9B4EF81
hash_256,C2C42D4CDC46E76A1DBD74BCB16C9E91335B374E684F96FB483752672E2E26B5
hash_256,A3E8E525276FE7D54F3DE9F4CCB42B2A5C0B29F298FDF3067A014933A059BF51
hash_256,1D0936C06B99C1A0147669209A53267D3BCD0FAEE1BDD97DE0456DA5D2D45E98
hash_256,69DB49711C138A72774281D97E1A3ABA1B023F9A0612DE67F14C28376FF11589
hash_256,43D03CBFAAF0336AAD540457446F86CBC6485B54
hash_256,94C02D472BADBEBBC8E30BF1413EE59225A46217F31FE05C5B0A336C9FE2213B
hash_256,B0192FA26110AA4821723D664A62E1F30FA940A0E2F1039969F4844DD0706F03
hash_256,5D3F3113EF76AF7C1A2447D35E8B09BD270B461E
hash_256,A0C3E6CD167B93F4646A7A3F2D46ED8BD4888D861B533662A66CA9711D49DB1F
hash_256,3921733548466BBE726A0E3004D8F1D9142B6EE797F4886B6F4CFFCB166F7D1A
hash_256,73630791A28F92DE4107E0F5B90FEC046456A4A790062FA4148D77EF43BD0C0F
hash_256,95C1B7F7EFEE6F717F3B0959FC31F0036915E2C26F531958AC53EED794D39767
hash_256,4C7D0E8478A0A8DF824C391EBEE227C42930F258D2D55B06F8969931CB07A31E
hash_256,347715F967DA5DEBFB01D3BA2EDE6922801C24988C8E6EA2541E370DED313C8B
hash_256,2B1ADA9017A2A3AA4EED66DE7FB346FFD47244C752FB7828659E55D2D32FB3D0
hash_256,3C23BD08BB5E968EF7BD25A8BAB455E1C430FDBD0A5A52857113494FCAB29311
hash_256,3D7F60B2D9561149ED4013F413B2DC267407FFB798CEDAFE1D6C4A0D4209D342
hash_256,483F41D9B0E62EEC9FFEB70A3ABF8B890B8C2F714F493B015963C1E8F188C61F
hash_256,CB96542DCFCD12E27F370B5559392F9D2016E7161F476869AC3A7332EC8F1900
hash_256,4C1BB686A323B227404AA2586095D5DFCF7F9BDE0DA755E64190B3119626A317
hash_256,1C01355370B06533E71D83E3B10B586A3D0CF3D197955D702545BB04A701AFE5
hash_256,8BD528D2B828C9289D9063EBA2DC6AA0
hash_256,6618A8B55181B1309DC897D57F9C7264E0C07398615A46C2D901DD1AA6B9A6D6
hash_256,34C8F155601A3948DDB0D60B582CFE87DE970D443CC0E05DF48B1A1AD2E42B5E
hash_256,6517CDF60122E4C3B4AF18EFF4C6EAB682E1156820E2D564F592C4A4D2D4130D
hash_256,E08D64948477AB163BB04CCFB901A71598A1C08BDEFC91778CBF73FDD0CAC423
hash_256,A255F60D87A9ADC8CCE49807A56B8994A4B3FD66B96203168CDF8261E5E828FD
hash_256,FC781887FD0579044BBF783E6C408EB0EEA43485
hash_256,879A20CC630FF7473827E7781021DACC57BCEC78C01A7765FC5EE028E4A03623
hash_256,C1D5443F6F57F89BEF76EB9E7C070F911954553B
hash_256,7F57028ADC417E7A6E2F8CAE2AD9A5D04F9395A13A9804856FB02D5F9A9F707E
hash_256,D05449CD3E9438F68B9570C38857D57E791BC17AAE36241DC38ECE7902EED8AF
hash_256,30B905003767BD8A2A5846F62FAC332A12ACB37F6C5EB393B25AC14A900B9F64
hash_256,AA369D19D93E43545F6ED260D799E82D952137B326059A7D7566885903432B72
hash_256,4CCACF9A98481FCE4A32A67AEDE0DBEC1BB0EE69E5352025BA36103F19CA7ADA
hash_256,06B08B1E6CA7D5A7549FE49BFC898972E6D819337803AE772BCA48F7C3B54BA3
hash_256,06CA827C09947C2E1E8C9CB5A86FC3E06BE3E8D4CCB1526BEDFF774614AF17D7
hash_256,FFF47788BBE2A6F84C5211EAD0FB0E76E2F7D9C312A4CBEA62C5C098FF84CE9A
hash_256,461BAC0908B136B3965C3C42F2BE47D41ADA0C27AC774D5AD63B186D6B75D69D
hash_256,AC3A0D5D12D04455B1FCC22C9F8AF67D92AA4FA35D55BE73C20721632854FEFE
hash_256,53097FBF0E130ECFEBF9305EED6B36BA6DAC9ACE78BE65FCAE94E430CC1AC713
hash_256,5237C88C6C350DA47BAE05898EBE2039FD1270386DDEF8C74717279B842EE2EC
hash_256,42F60D6FD11D51902D298A97F8741160AF81BB147810CC8B0316150DD0383AEF
hash_256,AD86C2867CAAA070866148FAA0A87D088B11A27850E0C59491017DD68B6D316B
hash_256,776014A63BF3CC7034BD5B6A9C36C75A930B59182FE232535BB7A305E539967B
hash_256,B9AB481E7A9A92CFA2D53DE8E7A3C75287CFF6A3374F4202EC16EA9E03D80A0B
hash_256,24CAF54E7C3FE308444093F7AC64D6D520C8F44EA4251E09E24931BDB72F5548
hash_256,66C8EDD0E8BE91A52C926A52A3434C9A09D23E6A4DF029F8FD84CAA895AB4114
hash_256,7FD30C6673B738CBC948A4C3D4321AE3805CC4295D7A0B3EC8C8EBF58ED48371
hash_256,2FB1D01F9859C676EF37B060C5E8DB0A12472C96260114A6EDEE45D8546184C9
hash_256,0B417327AB8976B2EE694BA13E4F0318044D0F280D4B3C4A75C950F7CF8AF74F
hash_256,60D96D8D3A09F822DED0A3C84194A5D88ED62A979CBB6378545B45B04353BB37
hash_256,D1E70729B74A6B1A57B25D5C021C789E84714785968BCF144740A593E7EEBE1F
hash_256,2EC5A9DE81DBA9C360E3EA823B0EA6C6C95BF728391567E009891923D822DBEF
hash_256,6E2069758228E8D69F8C0A82A88CA7433A0A71076C9B1CB0D4646BA8236EDF23
hash_256,335F1AFE755F9764EFCF82790DC4ACCB75675C7CD50765314653129487B80656
hash_256,969D44E8C0EF16476FF224BCBDED8ECF7DCC0257BB7BDAEAE16AC42B2FA1C38B
hash_256,CF160175C661EFD4B1E1EECADF5F00F7203EF4C7445E36E3373D50B26086C552
hash_256,1577F0AFADFAACBCD20946A031130299F981B1779DB8065653D3279EA4EF057B
hash_256,CEF1E5707C828A99EE18E49254D293E7921763BC
hash_256,C6CA1AE513709380BD22532E6A6D1400CB51EBE27E8E7D7B3C290DE026B1EF5F
hash_256,7A465344A58A6C67D5A733A815EF4CB7
hash_256,248463E94824FC1FA1F84EA0EA662F6DBEF62C0213AF2173C75FBCCFD8A9F274
hash_256,9EE19148446F347A54CFF043966C8D8550E196F01BEB944A7B1A757B262CD38E
hash_256,D0A23369BF99D703BEF8EEB861B84DA7E18D617A8F56838F51E57BFF66EFAA80
hash_256,219FB90D2E88A2197A9E08B0E7811E2E0BD23D59233287587CCC4642C2CF3D67
hash_256,E168AD4D817AFC7B2B8650C80907C7D291974FA95EA0D45F8272C2C094FD286D
hash_256,9BC2B4DA81B599D25283EBF66A0D0D8C9354632177E69C589CF66D644F1C88BE
hash_256,0898302C4A5EC168D363A03ED968485DAA26EFB3890CEC51FA44009A5F29B949
hash_256,38EBC8C16E2BC86C690125BC2F847C87FF80D68623EA7749393FF99A09937130
url,https://waterforvoiceless.org/util.php
hash_256,A4752DCF51F22794F7879183B56F9A99210157EC83C83C59A19F51E4F902DA2A
hash_256,9656EB8BEAB997220050BB6A7F1DBA5272DD88C96A641FC79B4044823446F5CF
hash_256,9F75640FB5F48CA26EE57D3BCA5C55D5256E9A22434F1F15AD56DF519E39EEF4
hash_256,6C81547AD2B4D3AC66412EDC3F62404E86D753B9E9C4A2D5881A1798BBFCA550
hash_256,59A8800C6E4F05A55BB9750B2E19413702771886BB4BFC57549A975F4EA8FC64
hash_256,EA4DB7474FE20052A169C936EB317DB398A0F2A7660FD4EE87445E9DB78750D5
hash_256,E99E07CAABFF07F7B49F0128EA853F3A64AAEE90ED68176FBAE24640C464BE41
hash_256,017C4C673BB1B27E4FB7E8F827A2FD3C518BBD5DBF647A5A96EC95ED0A39FCFD
hash_256,1CC001B54D133D0BFF699595FB5CB4EA783B83FF13FD41690536579900BBDBCF
hash_256,0F0ED55E1D03FB22E1FA288306282D9D4956B9E9A8F7B3624A0B0487BF97F147
hash_256,56FB30BD72E0D0D64AB78C737AAF525F1292C5E18CBE70B968DACB6C9D43C5FB
hash_256,B237768BD8082189AEC36473777F98861EFE7EF2546F979533E4A667BB7A3EB1
hash_256,6B86EA87F1AFDB10ACB06237797EF3F40F862129FC0F47B7E78A53A6FF70CEDE
hash_256,87BDA8D63E88BB9543CD0B74A95A52BDE4F92ED68FAAB9FCA18D6D9DF4FAA274
hash_256,2D18E01A9AAD86C52079E446BAA2E8EB551ABF0E9D6401002613DAC10700188D
hash_256,62CE8E1489A8B87539792C07179FAF1DB1B46CAA39B55902A4D82DCEC44D72AE
hash_256,2F11CA3DCC1D9400E141D8F3EE9A7A0D18E21908E825990F5C22119214FBB2F5
hash_256,88FD6A36E8A61597DD71755B985E5FCD0B8308B69FC0F4B0FC7960FB80018622
hash_256,E5DE12F16AF0B174537BBDF779B34A7C66287591323C2EC86845CECDD9D57F53
hash_256,2687713E35115DCCA73860B3B2ADAFFA9CC88A28F1EF5AAA9CCC431E8EF7E939
hash_256,F48026A143A8B4E347298B4A99B38CDA20FB19D1
hash_256,3B94CC71C325F9068105B9E7D5C9667B1DE2BDE85B7ABC5B29FF649FD54715C4
hash_256,A205ADA86CBE699919059E40124107F63DA9CDDD4EC919B1A607CE70E2CD9B0D
hash_256,5A25A7E902113E4C7D9BE3BA57C47F0A06D38EC993CAA2C530100AAE4D4A39F3
hash_256,2AE0054493055E55D9FE1F46787E02800BDAC95FBD0D6A7DE2EE86BAAE060B78
hash_256,7820E0D0B551313DABD26584BECAACE2D2658504D88D268FF52337BC7A454B56
hash_256,FC60899C6D0468ADE1ABD8E66BDF2ED4FE7E24F3
hash_256,B8327671EBC20DB6F09EFC4F19BD8C39D9E28C9A37BDD15B2FD62ADE208D2E8A
hash_256,5F10F7F27F98BE30959D971115914AD9
hash_256,E957326B2167FA7CCD508CBF531779A28BFCE75EB2635AB81826A522979AEB98
hash_256,36E45FDEBA3FDB3708FB1C2602C30CB5B66FBC5EA790F0716390D9F69C363542
hash_256,48B5FB3FA3EA67C2BC0086C41EC755C39D748A7100D71B81F618E82BF1C479F0
hash_256,5EB13064B21AF3BF6DC1F04228A5B9DCE738F1BE0684D289A140A5D1DC41F918
hash_256,7B666B978DBBE7C032CEF19A90993E8E4922B743EE839632BFA6D99314EA6C53
hash_256,AF1922C665E9BE6B29A5E3D0D3AC5916AE1FC74AC2FE9931E5273F3C4043F395
hash_256,0E22E6A1DC529008D62287CFDDAED53C7F4CC698FEEC144F00C92594DC76D036
hash_256,3DB80E4A4C26D73ADE336F2097FFF3DE8654B347BB372872DA4B88945740FBD9
hash_256,388873238403AD723C9BE18D2E6D4C6327378AD804E47D36BB75AA6BEE0EC31C
hash_256,DEB97C7538A7BB603C7722B303A8180041E774A8DF9D2476D9569DDFE6CBCAB2
hash_256,F7C80B9658677502AD5F36903126A7B71F439E29246818FDE35A08159D3AD48D
hash_256,468459BC990517287194D11F5A6537554C69FFC4
hash_256,F58AE9193802E9BAF17E6B59E3FDBE3E9319C5D27726D60802E3E82D30D14D46
hash_256,E50CFD35D1226E0D52A0F742D6338D17BA2166380CA08B794DA17CC65971BC1D
hash_256,AFD2937BD0C696C674EF9A0F12E9AD95E3E8AB9FC13E879FA6ECA4ADC3720586
hash_256,538D896CF066796D8546A587DEEA385DB9E285F1A7EBF7DCDDAE22F8D61A2723
hash_256,F9B10323B120D8B12E72F74261E9E51A4780AC65F09967D7F4A4F4A8EABC6F4C
hash_256,B1241A7019B9C3DA49D3E868BB42410CC2876448AB9C9C4A096AEA2BE945E406
hash_256,A03508FA12C9AE9EE56C7527962E8811237BBE815C7EBD9951B6BD9BE6BD171B
hash_256,1CBE32EC7363C1E743EC0F662130D439DC87C67D34D3357F53D4E1F520F5E886
hash_256,412414AD5A46945D3FAB2AF35ABB24CB68285E17859B330F23687FB9C22285B5
hash_256,72B92683052E0C813890CAF7B4F8BFD331A8B2AFC324DD545D46138F677178C4
hash_256,3728472EA2008BC41B5AD860F393E42FCA10331F4EDE7D9B3EF174717CDD9BF8
hash_256,5C3324F297FCB3E1CFF8F69984B51DDFA0D63D487A91C3826AA068AA6249306B
hash_256,0C14A791F8A48D2944A9FA842F45BECB7309AD004695E38F48FCA69135D327C6
hash_256,685D6B83E0CF880FD57EAD8A9A4CBD41F5C6485C8081C1B544DFB266C085A9AD
hash_256,A42DD6BEA439B79DB90067B84464E755488B784C3EE2E64EF169B9DCDD92B069
hash_256,7EF4D58A6FE025073458B581A966EBD0288AAB02
hash_256,BFB97C7ABCD47B99CB97E3AD5D9C3A6FC4DA259616FAEF23257D1B950ABF5A0A
hash_256,CF56A3C7A1C6CF5BB6E3284E535DDE634F8E5DB689C3DD8337C200DFB45C6FF9
hash_256,D56B9A3A535F73B3002D383421D0249820092DDD62C8DE13E31B059B5C035FE3
hash_256,3465B69D2C3CA20C3D5B7A8B65B531255DC2EFE667472867BE015EC92D13E5D3
hash_256,07DF2CD62DB71EE7E4FB5D6B946CFDEA5A1CCC705A456012F4DB4AD59DA76573
hash_256,2E9C548BF80D758296D13AAF333F4B32D1720A9C9B827E97F97D6A97D56F9030
hash_256,5FB5074D1036245AB7FB936A83556A2D5862328C
hash_256,4D7846F697B6C503DF4DB3BBD38D456C783C423C7AE1BD3DA6B6F85832501DF2
hash_256,5FA04C9AF4E0348D80335854DD366F5BFC8ABDE226B331E72A0E9DEB6D5CF9D6
hash_256,EE44C0692FD2AB2F01D17CA4B58CA6C7F79388CBC681F885BB17EC946514088C
hash_256,ADBD49E9194A5988A78DE173C18498F0393543AD59219DFECDC1962513E3FFB0
hash_256,A896C2D16CADCDEDD10390C3AF3399361914DB57BDE1673E46180244E806A1D0
hash_256,DB0E39B4C5430FF7E255BD4A0CB2ED3D4978C60119E819F7080E66036DEA4FC9
hash_256,61FC12F8D9E54FA16233E473CDD5A66AF4C03944568B7FBEEFB5231D6DA30215
hash_256,173FFA7E1BC35FBD41891340C7365004DB9B6926F74874D648B85C829C096C7E
hash_256,F0D6FE5446CEAFC39B0868FDAF81E30EA2E40C2402F1AC63D94059DCDFDEA70D
hash_256,F17681B425C306463CE45F475556E9217432D21DF80548144F07A451DCF91E0B
hash_256,C4D73F56305D100B26952662B58801996620EFBCEA2CC12F6FD335B06639B8D2
hash_256,01B5F7094DE0B2C6F8E28AA9A2DED678C166D615530E595621E692A9C0240732
hash_256,246CF99ECB3974338618B378C3D32545610015FA3E111D0E7DCA84961693BFE2
hash_256,DC81E2ECC4060D0ED3EFD6C6EA46E7A62EC759657BDA4DE4154935668E3A343B
hash_256,932527BE195E1913188BFD4523AFA47AF083500F893BDA48E80187217F800986
hash_256,363F745F2A14161F55356AC323BBA0624D6A17A185E23D3205FF0EDE04814D46
hash_256,A50AB192BB8AC066B970A9A5B89A777E4FC0AABC285C79C901A1FA3667138EA1
hash_256,E3C453CB40E8F95850DA1A043A8FE25630A550E220AC85C228C94A2E6F8F500B
hash_256,C85014FDFA97E59160410583E2588A475C19C36C515856BAA1CC71028215E174
hash_256,CA83D7456A49DC5B8FE71007E5AC590842B146DD5C45C9A65FE57E428A8BD7C6
hash_256,4A76D9F06F041089BFC981EEED898CDE6BE501BE1E65646EE293693F69DB9CE7
hash_256,2C5E7F4CF2746D7B94D63E9F5E1AD4FC5ED83E821FEDDD62C2DA44FBF66B7BFF
hash_256,1C1941B40718BF31CE190588BEEF9D941E217E6F64BD871F7AEE921099A9D881
hash_256,90AED6BF3D584405A539F092FEEDE420E98389978F746C5E0C15353D3B6E28C1
hash_256,2CDB9C19C037CC027451724A1249F3F41620254D69A607B88B87497CD4C73724
hash_256,5D4BF026FAD40979541EFD2419EC0B042C8CF83BC1A61CBCC069EFE0069CCD27
hash_256,8B9D8611E053086E2E45ACBB6B0D91FF4B667DEB2809A62329A0801272290E4C
hash_256,D5403A60505733867F58B2F81FC727D30FADF14AE20F56D3F910E201DE0A9FC0
hash_256,95BBD494CECC25A422FA35912EC2365F3200D5A18EA4BFAD5566432EB0834F9F
hash_256,960E43EC90973C27819EFC80B652AC90FF3F4439E56B7391B75C8BC5C9D073FC
hash_256,8BDD318996FB3A947D10042F85B6C6ED29547E1D6EBDC177D5D85FA26859E1CA
hash_256,64CE05D809A5706B821412F75E95703340D04F0DA142454015DF35ED76967014
hash_256,EAE312C5EC2028A2602C9654BE679ECDE099B2C0B148F8D71FCA43706EFE4C76
hash_256,0DD55A234BE8E3E07B0EB19F47ABE594295889564CE6A9F6E8CC4D3997018839
domain,silry.com
hash_256,FDCE78F3ACFA557414D3F2C6CF95D18BDB8DE1F6FFD3585256DFA682A441AC04
hash_256,8D173D0000CEA3B315CCF776ECABD893D312690AAB3431C751DA8748668FEF0C
hash_256,6866041F93141697EC166FE64E35B00C5FCD5D009500ECF58DD0B7E28764B167
hash_256,5765AEC418D1EC33A181E030DCDC97CCA40B5ECB4DA7D0D536B3BD296FBD813F
hash_256,8BA565073A0487EEE81A69BCCCC88B85A76C367F2D4764CF83B733F703883375
hash_256,8AFB71B7CE511B0BCE642F46D6FC5DD79FAD86A58223061B684313966EFEF9C7
hash_256,F7752A139846378185253D9143D797A98C35E8F30D1B68F3683E0279A81485EB
hash_256,56595330E9B7ABC1FB1044CA7970693FAB47D3191D1D98D7F7B5A12E43E07A0B
hash_256,FDD435FCA57FDCB52750B2DFCAA94920FEC2ECB6C9F72768CEA56F46649A360D
hash_256,EC80C54D3B77C92ED548D3CED7D75B225845CE1504EB047FE7CCF3A29F7E94FB
hash_256,177FA8A5F27F4F09D47721AE93F14E4C639355809956EEA01AD14C1CE220F5F9
hash_256,3BA2A5977194B985A9FFC93260BBF926927ECA74E3D439F6AD1CFC4538C60A24
hash_256,C8276F4A1D1DECC5D059203151D4C652149F0C1D7EB0EDD77400F52EA0FE8DAD
hash_256,0585ED374F47D823F8FCBB4054AD06980B1FE89F3FA3484558E7D30F7B6E9597
hash_256,085B998CB6F9DC81C2E8678B2A76CCC7FA4DE288CABAAC69FDEF751D6101E4E3
hash_256,194F4D1823E93905EE346D7E1FFFC256E0BEFD478735F4B961954DF52558C618
hash_256,10BFC411ED9C7290B2BED79B8C085DBFC3F933DE
hash_256,7A6FC10748DD1F0FC055430BA6EEE807EB058058C0D5DE0346D753538397CAB3
hash_256,CF817BA4B52E367B950D53F8EDCF25F7B8A2E794
hash_256,A94B14F54BEDD34E79CB2E9331C62163CC0808518B6871598AD64597BCF42E55
hash_256,9230457E7B1AB614F0306E4AAAF08F1F79C11F897F635230AA4149CCFD090A3D
hash_256,B0BFE6A8AA031F7F5972524473F3E404F85520A7553662AAF886055007A57DB5
hash_256,3A0CD21169E07C6F442A891F760C665455357652542509F7E8C4B2E787338473
hash_256,D86013F04E858F457245762569ED33A5CF38E5B2765E57A239ADD6A10BBD221A
domain,bakenhof.com
hash_256,381A3C6C7E119F58DFDE6F03A9890353A20BADFA1BFA7C38EDE62C6B0692103C
hash_256,5B6B25012FA541A227E1C20D9F3004CE4E7D4AEE
hash_256,9384EE5EDF2D9EF79322F9586B7A812BB4E0CF1DB225902D65F45556535E6BC0
hash_256,8902BD7D085397745E05883F05C08DE87623CC15FE630B36AD3D208F01EF0596
hash_256,02CE47BD766F7489C6326C30351EB9B365F9997DE1B2F92924D130FA07E0D82C
hash_256,E8DA0C4416F4353AAD4620B5A83FF84D6D8B9B8A748FDBE96D8A4D02A4A1A03C
hash_256,94CC8F91443231AC8B340F3B4C6567623B0ADC13D984BE55799DCA2462DB263A
hash_256,D5C84CBD7DC70E71F3EB24434A58B2F149D0C39FAA7E4157552B60C7DBB53D11
hash_256,9059C5B46DCE8595FCC46E63E4FFBCEEED883B7B1C9A2313F7208A7F26A0C186
hash_256,51B86BFBCE984C48589B61C5E61F5A815F4B1A0D1FB8CEDBADE101ED4E94B4AD
hash_256,DD66CDC4242E8561DDACBCD1DE95011FEF927963
hash_256,F32FA0E3902A1F287280E2E6DDCBFE4FC0A47F1FA5DDB5E04A7651C51343621E
hash_256,2E270239A83842EF68F87CC24B0EE99F7ECDBB91CAB782FB2FE166E4EC2EDB19
hash_256,7C07850C589ED973FB3D8861312D18E71ED98A3BDF1D597DE12EB41CEED0EE4D
hash_256,8832CE53EAB725DA3AD6897EABBA19070AB12D48F8B7EA2EBD09E7B6429E3A6C
hash_256,6BEB1B0918E5DBA68645D28D672C6BAC1B3B6036F223CC5DD8BA7CD5C264B0C9
hash_256,292E5B0A12FEA4FF3FC02E1F98B7A370F88152CE71FE62670DD2F5EDFAAB2FF8
hash_256,772CF4DB2786AA9322A56FF7F1E2632E84F988F7
hash_256,6B1B8F9B8AB9508799D640F954505C57E93D245D515B86398DEA7729ED09E07B
hash_256,38F8B8036ED2A0B5ABB8FBF264EE6FD2B82DCD917F60D9F1D8F18D07C26B1534
hash_256,3A489EF91058620951CB185EC548B67F2B8D047E6FDB7638645EC092FC89A835
hash_256,207132BEFB085F413480F8AF9FDD690DDF5B9D21A9EA0D4A4E75F34F023AD95D
hash_256,C228F641E7E6AF32FC2E87737EBCEF80D3864A2BBFE7AE77B607E4F5AA5AD38E
hash_256,8C61B2C1F49D2522BCC5B92C94A60790D6FC2B90A1D568AF32AD287EBE762F60
hash_256,22F30268390AED20CD6E4083C877E23E153ED6AE24E949FF772D945FCC9E76A6
hash_256,6AD81B13863FA9D8B0B7D3064927C71C2A8909157BCA50763BD5B3EC45F77C44
hash_256,34375FBB6C3A3D99FA5412939214580DB70F839D556D897757B1B1ADBE06149F
hash_256,53573785A15B01665401270ABD138F25107932B02A4C7336A48981B5BAE19827
hash_256,23882DF67ED29B9B4236A85E8232058EFC24F5AA3E9533F646A7860CBA93205C
hash_256,F924136BE4B4498A9FD17FA1BC07D3A1A34B4AC4D7484182D2BD223AF52A041A
hash_256,648AFCC709AC18C4FE235D24BF51A8230E9700B97C3DCC0A739816966F2B58B6
hash_256,D5D1DF71127C4F6223E35E428EEA5A85D8D737F9DB5D2A1D42DBD1E9EA7D1E81
url,https://waterforvoiceless.org/invite.php
hash_256,8032DBB892FE317363938CA6D6FE35D8D33FF7FE67888E66E8D219EFC5C09516
hash_256,DE87602871268DFBA70F191DB4DCA434B43BFBE427499FD605DE46CD6AF00152
hash_256,5DD5AFD63F88C5F9D93D33C914D4590D7C13020F897D6035ADC2DB57D55E8186
hash_256,92B9205C663142B18C3177B577152E8386C4880427FB28E178832C4071EAF618
hash_256,5381F8021B87B767145D05E44783B80268B5FE371C976F64C45519AF70BA1153
hash_256,6DE2EB459EA44224D0BB08F72229478FBC3C5707
hash_256,F1B40E6E5A7CBC22F7A0BD34607B13E7E3493B8AAD7431C47F1366F0256E23EB
hash_256,D6F167B96F8A9174DDBBEDABDAA371478600765066CC7922953DC9C2641C7DB1
hash_256,0E414C40BF7D1ED7DDC1C93D6974D473924035A90236C0D1BE4E182A45BF2F29
hash_256,1B3C76CCE31620CB01AD8EED429B9DFF738FBAB04042C011F6489D1E246C4D1E
hash_256,58B8D70D5AE515CEEF06A7021EB3C1F37C12B2949E3DE90B6C84F6A22953289A
hash_256,C194BA3EA8B46C68535C99D89482AB8D9FFD743FC162829887ED3FC8C220ACF1
hash_256,83CEE22FCCBE3B9F5B5084FA2CB1FDCC135945439AF13DF109DB160308ADE992
hash_256,1CFE29F214D1177B66AEC2B0D039FEC47DD94C751FA95D34BC5DA3BBAB02213A
hash_256,D0CCFE9B160CB318000BD2E7F9F3B2DDC861D7202CBB0A7250C41FBE87A3423B
hash_256,CB83E5CB264161C28DE76A44D0EDB450745E773D24BEC5869D85F69633E44DCF
hash_256,984082823DC1F122A1BB505700C25B27332F54942496814DFD0C68DE0EBA59DC
hash_256,8D1CBEDB4468E2D1E8B0E5DEA1A87568E98F03B0F25E63D1BA91EBC86B15E2FB
hash_256,A246253FAB152DEAC89B895A7C1BCA76498B4AA044C907559C15109C1187A448
hash_256,9580525624CBBA746E8A96841EF2C92B97D5092B9239E711CCD7B5F2087FA30C
hash_256,F94BF75D8748B49552FC096AC5C5B6D5500D12BA09C4FF32F41C0F66BEA45C38
hash_256,E33FA86118AFB3815AE4BB08BB76601ECF6D5FA3EE3CA6DE7AE0F5DA93802B34
hash_256,DF7138E59478A0495ED1804A01BCD5682CA2A1741036FFCB0C877F9E83C537D9
hash_256,D266357CF1FFE575406CE465CBC850C30DA849F6AEF39C6C09DCE91F8A2C1D6F
hash_256,3496B684F7D908CFABB9F21D37AC0A78A501DBC203C3CFBE5EC42F6DD009F507
hash_256,B3AD8EFF909900032DC8165A8DF091E1A21779B80F5334EC26A7E8AA238A1D8F
hash_256,EE42DDACBD202008BCC1312E548E1D9AC670DD3D86C999606A3A01D464A2A330
hash_256,2589700D01C8A60A4F2D8188E31712821C7085A4715785E2871AC517C81477E3
hash_256,3EF3105FE59B8A21864FC761E7F14FF3B1601D0DA42B9060E33720688D69D8D5
hash_256,3D01AF9E2EBAEC47821180A9D13825BF1885FAB612954323A11655C41184C6EA
hash_256,CF8923F987702FC63D3F30F2D57FEEA2A095C944772A658349F729989B7982C0
hash_256,F357D26265A59E9C356BE5A8DDB8D6533D1DE222AAE969C2AD4DC9C40863BFE8
hash_256,C37C109171F32456BBE57B8676CC533091E387E6BA733FBAA01175C43CFB6EBD
hash_256,F900A101903B427E3FF31851312E37FBC76CE60312F767EBEBAFE1DD8736F445
hash_256,566AE2771EB7733060CB1FF0C3D09B267297F3E36D26B5AC5CB1AB2CA379C78E
hash_256,E62FE84D0B14EE5FE4FF3C8831FFF370BAC08280469D502A5BC7DC2CBCD4A52E
hash_256,3BF3CB1D4CEABBC0F212B50C6CBCCED449E0469B4692696780AE09329F3063AA
hash_256,9D50E207850C9750AB53078D343270B4BDD67FAA4DF9B6C3B4CA2D7FBDB9A482
hash_256,15CE6ADD82D77BABCC8C5B7CD01863CAEB667E834868D3998111411223FF064E
hash_256,62F6E6C7A7C4B8072FF0600987225CE4557FF07DE1F09D1CEA521E7B4D06A3FB
hash_256,8E61DADAD7BF040F9A13C5E43FB619AEF2B291DB21DA40E5931DFC6F85F9EFC0
hash_256,DE4183DA957F0399811E0765CC0A1E940819741A9BEB42AFFEBBA6EBC0969528
hash_256,2D17A7533DA3D64F166D6F92E12A4FD73FF7E319
hash_256,5893FCBDFAEF12CC44D961345F19CE74E27E0A88D179CF4333D41B3F05FF50F6
hash_256,7F77919F78A897387FF220E4DC3245A0995FD095B5C1EAF507B995450DCB520C
hash_256,76A3449B1BE8214572C1F2CE1595BA5C0DCD6B62268C2720D973BFF0C165A8D3
hash_256,EE56042BC501E60217A3E5B2AF0E4706CE80CE2C910A7AD02B8E4255B77E26A2
hash_256,FB86D1207079D8BA0F738FD465C0C2C5CEF8D730889AAC7E159AB8EF6630545B
hash_256,1517BF3E1FEAF19627D747215960BAB643BCFF1A2F6C0BED4ED6702EDE027FFA
hash_256,BC4A55229AC09E3F996C264413D41591D88C35E236B2C9CAF23915EE77DECE2B
hash_256,54BD27B104365F91D59878BA3DA9128B2035281FC6D7DBF385ECE883AE46452E
hash_256,EC7A2A1012D0EEEE732B6F008B33B27E6881A7630819DED41CFB24E8A0C6F395
hash_256,3E9378EA39DDC8BC9DFF3FF24DCF06B88B9050A647EAB70BE72A58451655A2CC
hash_256,6EE1E629494D7B5138386D98BD718B010EE774FE4A4C9D0E069525408BB7B1F7
hash_256,5534CC837BA4FA3726322883449B3E97CA3E0D28C0CCF468B868397FDFA44E0B
hash_256,274163C5B864FF442F5BAF9E4985D7847826EB97F75134F85D3193DBAB368A9D
hash_256,DFFAEFAABBCF6DA029F927E67E38C0D1E6271BF998040CFD6D8C50A4EFF639DF
hash_256,34A258CF519C7F47CB67288C53D87F41BE0DB46DACA632F9475DCD30184A31C8
hash_256,CF5F59C1B3B4C792FA9140B45AC8D510BEE371A475F390A1BE944ECCB1C6E034
hash_256,DE8B0031AC9E0034F8E07D7D48F3B5A9AA308753
hash_256,8C75EA3A528FAE4A28D0C47630C865E46BADEBC7B37EE272DAEFC12AC190BF09
hash_256,D0A8FA332950B72968BDD1C8A1A0824DD479220D044E8C89A7DEA4434B741750
hash_256,93DC9295EA92ADE2BF23D97717E9A1A83F8AD91ABAE5D54DBD8D1F1A7B1D05D9
hash_256,29001B6948A86B15A587EA696CB9866D6C41AACE0F090D3909AD7DA21032AAF5
hash_256,CF1D992F776421F72EABC31D5AFC2F2067AE856F1C9C1D6DC643A67CB9349D8C
hash_256,FFAC7EDFCCB18CC5468833B6D86D427B3DD2A447ECC56C844E9709BCB86A4578
hash_256,983F05D67C4717C86A578EAC0BB23E68CE3F6898D9ECB9A98C75FF1709ECCA0E
hash_256,4D92A4CECB62D237647A20D2CDFD944D5A29C1A14B274D729E9C8CCCA1F0B68B
hash_256,8199F309478E8ED3F03F75E7574A3E9BCE09B4423BD7EB08BB5BFF03AF2B7C27
hash_256,4875A9C4AF3044DB281C5DC02E5386C77F331E3B92E5AE79FF9961D8CD1F7C4F
hash_256,620D2BF14FE345EEF618FDD1DAC242B3A0BB65CCB75699FE00F7C671F2C1D869
hash_256,CD3584D61C2724F927553770924149BB51811742A461146B15B34A26C92CAD43
hash_256,73F0E12A8437F0605590A2F2D1BAB61CB50A7926CAB93949DBA2688468726582
hash_256,33934D6B8325E8FA18409A2315060C59255173DA714B10A9325A627269AED562
hash_256,279D5EF8F80ABA530AAAC8AFD049FA171704FC703D9CFE337B56639732E8CE11
hash_256,085C96503447F7A64B1BF84DA7586E3FF8B817A421637F6824D68E86E6FAC812
hash_256,EBE231C90FAD02590FC56D5840ACC63B90312B0E2FEE7DA3C7606027ED92600E
hash_256,8CAA671F4AC69DBA4ED4C85277D686BB5C318B7DA734687C3368A280D19D9702
hash_256,311E9C8CF6D0B295074FFEFAA9F277CB1F806343BE262C59F88FBDF6FE242517
hash_256,4BF1915785D7C6E0987EB9C15857F7AC67DC365177A1707B14822131D43A6166
hash_256,F79F1A79BE793C7C02EABE371D1B178990CE7954AEF9A4918DC1E0E4E66237BD
hash_256,32E1EEBF2AF8D36857B3A9EA3A2653E8E7AD6B6EAB8CA4665B252B5FB609D993
hash_256,CED656BEBF3D350EFFB6DE15C5C2A726054D19393DAD902A04475DB56F0A8AA9
hash_256,4ECC7822177FD3C018C52E1B24F072AF6463EB5783E80F331CAF1EB07555BF9A
hash_256,280D93714F225CF23DC9AB312895BE00EF00A14F27CD80C2BB97082FEC8E2487
hash_256,3A2496DB64507311F5FBD3ABA0228B653F673FC2152A267A1386CBAB33798DB5
hash_256,1F5A915E75AD96E560CEE3E24861CF6F8DE299FDF79E1829453DEFBFE2013239
hash_256,9CEBC21DFB17B53B48DE185191CD2DA74AA8FA9740A1D0242906D394E6321F83
hash_256,3451EB4B5DE0E46D9A73F9A063CB182EBD277DA111E593B951095798187EF349
hash_256,B36B1823A746F9E68959FFB36A91D0EF3F11122EBB4837E556A40CA296A36B82
hash_256,CD72023FF52D0A332FE131F65B025A5B6ED3C70B1856FAD00D42BDB2FDC58EE8
hash_256,F266DC12925A6F30DAE96EDF547A4CC7B5B37F649ABA5080AD843E5D6D491699
hash_256,34E7482D689429745DD3866CAF5DDD5DE52A179DB7068F6B545FF51542ABB76C
hash_256,24CECD4123E34A50FBDFB770FD35303745A25920C1E022EC55EC51F3B685D959
hash_256,86EDFD6C7A2FAB8C50A372494E3D5B08C032CCA754396F6E288D5D4C5738CB4C
hash_256,024A1B41BE632E1E857DB8C25BEE3079F039B20838809ED88206C1EEDCA291B5
hash_256,99C38B471BBAD5DAE57442B8ABCFF738081660C3822F90F78045BCD85DAFC2FC
hash_256,0F8435B258A05BC319BC16500C8EDAD82CCBBBFC1DC6134FEA67E487E6B02B33
hash_256,A4F1F09A2B9BC87DE90891DA6C0FCA28E2F88FD67034648060CEF9862AF9A3BF
hash_256,2B14F9183C7C00B6A0B6CB2605A33F64CAD96192AD23DFEA402A4490925B3EC0
hash_256,6942BCE34BFDC712576EBB9F90487BA7D971858C084D497317D7864C3F293756
hash_256,BF7B36C521E52093360A4DF0DD131703B7B3D648
hash_256,D1FD6020DAC509A3623E8890777631F17058D2FD414B0F925DF946D9B8687736
hash_256,0B0A32E5DA79A28A6046138A17A72A01B29C0C809538A32297133F722BA284C6
hash_256,B078C8A1A04C297983A148BAE0EC3AA76C7A81FA
hash_256,064CB00067E60A33728EB586624ECB887F07D57838D0B0FC93A24C4AE267359A
hash_256,EFAFCD00B9157B4146506BD381326F39
hash_256,280FBF353FDFFEFC5A0AF40C706377142FFF718C7B87BC8B0DAAB10849F388D0
hash_256,0ACB884F2F4CFA75B726CB8290B20328C8DDBCD49F95A1D761B7D131B95BAFEC
hash_256,D378BFCC9A1FB6CEB607AFDDD1E92395A426B7D3D5339E92F95F28A6F1EB3D34
hash_256,1FAE1EF854CB03AB80EDE67E964BE1BAD3122421DEA812EF20E456082ACCE047
hash_256,D24F745E34C55A5A1F3DC2E5A2DB67A333A827DCCABD006DDBEBF2439696FE60
hash_256,0E7072742314E25BAB71C94B9738BE45D9BC7E7ECB34FAC57059805A0458D9D9
hash_256,4EE70128C70D646C5C2A9A17AD05949CB1FBF1043E9D671998812B2DCE75CF0F
hash_256,A018F4D5245FD775A17DC8437AD55C2F74FB6152DD4FDF16709A60DF2A063FFF
hash_256,DF5DD85EEC2E375C4F307EA0E64F0828619927092EB2D35F4BE0695B92BF295B
hash_256,7174F9399CC3D08B0AE505FD1F3325ABD4525916AE6B5E8445AB3360FFEB1D0B
hash_256,EB99B53886072650D56300D9C620CA38AFADA992E35C1E532994BE376FCCF449
hash_256,48BF00DB1BCB02C1C36B4A6E37AA10F1F7A371C232FD1CC2D2717C1F1D68BE9F
hash_256,666720997A13EA61AA705A38544A88A29B296C0571946434E5C91CA4CE2D5E27
hash_256,B027A235C5821CF4B6A6EC1743BE5C006001FB4D1F58F87B75326D7FA6B7392A
hash_256,8B45F5A173E8E18B0D5C544F9221D7A1759847C28E62A25210AD8265F07E96D5
hash_256,04D49C5607DDDE6E50E2509E8C7C2CE01794BA08E0D33A04158A50226555FBDE
hash_256,555BCE66236E51CE0DC6E0EFBD466FC9B68F853F57C91CBB573922F19A1275A2
hash_256,BA4D58F2C5903776FE47C92A0EC3297CC7B9C8FA16B3BF5F40B46242E7092B46
hash_256,4D49FAD93DB17AABE4C5C1D79ED9933A9402F71E8204CD9A2E0339F77DDF1FF1
hash_256,5F961ECE825B1DD049C757F0E87873025B79717649400A21055DFC2D3145FF85
hash_256,7223225A7921FC00ADE56BF28E6B6939A881279ECB016D36CC92CB6354E911FB
hash_256,653DB3B63BB0E8C2DB675CD047B737CEFEBB1C955BD99E7A93899E2144D34358
hash_256,C7A12D6B19A1B782172FF513FF3F2B1863403EA800BE584160A5FD19DC76FB3F
hash_256,CB31818E9CFCAF3F2DB4BE4BA731DDC480EC0FF0064E1CD0098C131807974892
hash_256,2F372A90C22132DE77A4F4A8AA6EE308B833AE4EF231B51941B0FB9BD55BB3E6
hash_256,182A7A2A0F84D11D832BC7B847677F086C2DB757
hash_256,62A903A4B5CD27D739950E71AB74061E815AF4830A29DF6DCBF8C1A34ABC87CB
hash_256,61D240136E228D98CE566F20A82B3662987F5D0356E10386FC53C787EE7B4263
hash_256,66DE7217CA1B69A0E0D6AABB50822EFB075F5591E6B5EC4BB3C04630134645C8
hash_256,E46B2EADC3CC279FE683E460CD1A196567ACC36F0FA50A30903322557D12DD6F
hash_256,E971247D865D62E080DC2842F8C32244BF5BEA2926046853BFE33C38FBF3C0C5
hash_256,4462CC0F7F0A6C2A034B254FB810B31A1FB4416A
hash_256,5E5A2D1EFE856A439094B4CD8D688FEFDCC4E5F3DEEEF1B3FAA03087C96EDD8F
hash_256,773F0102720AF2957859D6930CD09693824D87DB705B3303CEF9EE794375CE13
domain,eu-west-3-aws.ua-mil.cloud
domain,us-west-1-amazon.ua-mil.cloud
domain,central-2-aws.ua-mil.cloud
domain,eu-south-2-aws.amazonsolutions.cloud
domain,eu-southeast-1-aws.amazonsolutions.cloud
domain,eu-west-1-aws.amazonsolutions.cloud
domain,eu-central-2-aws.ua-mil.cloud
domain,eu-central-2-aws.amazonsolutions.cloud
domain,eu-west-2-aws.amazonsolutions.cloud
domain,eu-west-3.amazonsolutions.cloud
domain,eu-east-1-aws.amazonsolutions.cloud
domain,eu-central-1-aws.amazonsolutions.cloud
domain,eu-central-1-aws.gov-pl.cloud
domain,eu-west-3-aws.gov-pl.cloud
domain,eu-west-2-aws.gov-pl.cloud
domain,eu-west-1-aws.s3-be.cloud
domain,eu-north-1-aws.gov-pl.cloud
domain,eu-south-1-aws.gov-pl.cloud
domain,eu-central-2-aws.gov-pl.cloud
domain,eu-south-2.gov-pl.cloud
domain,eu-south-1-aws.s3-be.cloud
domain,eu-north-1-aws.s3-be.cloud
domain,eu-east-1-aws.s3-be.cloud
domain,eu-southeast-1-aws.s3-be.cloud
domain,eu-west-2-aws.s3-be.cloud
domain,eu-central-1.s3-be.cloud
domain,eu-south-2-aws.s3-be.cloud
domain,eu-west-3.s3-be.cloud
domain,us-west-1-aws.gov-ua.cloud
domain,eu-east-1-aws.gov-ua.cloud
domain,us-west-2.gov-ua.cloud
domain,ca-central-1.gov-ua.cloud
domain,eu-north-1.gov-ua.cloud
domain,us-east-2-aws.gov-ua.cloud
domain,us-east-2.gov-ua.cloud
domain,eu-central-1.s3-esa.cloud
domain,eu-south-2.s3-esa.cloud
domain,eu-west-1.s3-esa.cloud
domain,eu-west-2-aws.s3-esa.cloud
domain,eu-south-2-aws.s3-esa.cloud
domain,us-west-2.ua-energy.cloud
domain,us-west-1.ua-energy.cloud
domain,eu-west-1-aws.s3-esa.cloud
domain,eu-southeast-1-aws.s3-esa.cloud
domain,us-west-2-aws.ua-energy.cloud
domain,us-east-console.ua-energy.cloud
domain,eu-southeast-1-aws.ua-energy.cloud
domain,eu-west-3-aws.mil-pt.cloud
domain,eu-south-2-aws.mil-pt.cloud
domain,eu-west-3.s3-ua.cloud
domain,us-east-1-aws.s3-ua.cloud
domain,eu-central-1-aws.s3-ua.cloud
domain,eu-southeast-1-aws.s3-ua.cloud
domain,us-west-2-aws.s3-ua.cloud
domain,ap-northeast-1-aws.s3-ua.cloud
domain,eu-north-1.s3-ua.cloud
domain,eu-west-2-aws.s3-ua.cloud
domain,eu-central-1.ua-gov.cloud
domain,eu-south-2-aws.s3-ua.cloud
domain,eu-west-3-aws.s3-ua.cloud
domain,eu-west-1.s3-ua.cloud
domain,us-east-1-aws.ua-gov.cloud
domain,us-west-1.ua-gov.cloud
domain,eu-south-1-aws.ua-gov.cloud
domain,eu-central-1-aws.ua-gov.cloud
domain,ca-central-1.ua-gov.cloud
domain,eu-south-2-aws.ua-gov.cloud
domain,eu-west-1.ua-gov.cloud
domain,eu-central-2-aws.ua-gov.cloud
domain,eu-southeast-1-aws.gov-trust.cloud
domain,eu-central-1-aws.gov-trust.cloud
domain,eu-south-1-aws.gov-trust.cloud
domain,us-west-2.ua-sec.cloud
domain,eu-central-1.ua-sec.cloud
domain,eu-east-1-aws.ua-sec.cloud
domain,us-west-1-amazon.ua-sec.cloud
domain,us-east-2.ua-sec.cloud
domain,us-east-1-aws.ua-sec.cloud
domain,eu-west-1-aws.ua-sec.cloud
domain,eu-south-2.ua-sec.cloud
domain,central-2-aws.ua-sec.cloud
domain,eu-west-2-aws.ua-sec.cloud
domain,eu-west-1.gov-sk.cloud
domain,eu-central-2-aws.gov-sk.cloud
domain,eu-east-1-aws.gov-sk.cloud
domain,eu-west-1-aws.gov-sk.cloud
domain,eu-west-2-aws.gov-sk.cloud
domain,eu-south-2.gov-sk.cloud
domain,eu-southeast-1-aws.gov-sk.cloud
domain,eu-north-1-aws.gov-sk.cloud
domain,eu-west-3-aws.gov-sk.cloud
domain,eu-south-2-aws.gov-sk.cloud
domain,eu-central-1-aws.gov-sk.cloud
domain,ca-west-1.ukrtelecom.cloud
domain,eu-central-2-aws.ukrtelecom.cloud
domain,eu-west-3.ukrtelecom.cloud
domain,us-east-2-aws.ukrtelecom.cloud
domain,central-2-aws.ukrtelecom.cloud
domain,eu-west-1.ukrtelecom.cloud
domain,eu-west-2-aws.s3-de.cloud
domain,eu-central-2-aws.aws-ukraine.cloud
domain,eu-west-1-aws.s3-nato.cloud
domain,eu-west-1-aws.s3-de.cloud
domain,eu-east-1-aws.s3-de.cloud
domain,eu-west-3-aws.aws-ukraine.cloud
domain,ca-west-1.aws-ukraine.cloud
domain,eu-south-2.s3-nato.cloud
domain,eu-north-1.s3-de.cloud
domain,eu-west-1.s3-de.cloud
domain,eu-west-3.aws-ukraine.cloud
domain,eu-south-2.s3-de.cloud
domain,eu-south-1-aws.s3-de.cloud
domain,eu-north-1-aws.s3-de.cloud
domain,us-east-console.aws-ukraine.cloud
domain,eu-south-2-aws.s3-de.cloud
domain,eu-west-1-aws.aws-ukraine.cloud
domain,eu-southeast-1-aws.s3-de.cloud
domain,us-east-2.aws-ukraine.cloud
domain,eu-west-2-aws.s3-nato.cloud
domain,eu-southeast-1-aws.aws-ukraine.cloud
domain,eu-south-2-aws.s3-nato.cloud
domain,eu-west-3.mil-be.cloud
domain,eu-east-1-aws.mil-be.cloud
domain,eu-west-3-aws.mil-be.cloud
domain,eu-south-2.mil-be.cloud
domain,eu-southeast-1-aws.mil-be.cloud
domain,eu-central-2-aws.mil-be.cloud
domain,eu-south-2-aws.mil-be.cloud
domain,eu-central-1.mil-be.cloud
domain,eu-north-1-aws.mil-be.cloud
domain,eu-south-2.mil-pl.cloud
domain,eu-west-1.mil-be.cloud
domain,eu-west-2-aws.mil-be.cloud
domain,eu-west-3.mil-pl.cloud
domain,eu-west-1-aws.mil-be.cloud
domain,eu-west-1-aws.mil-pl.cloud
domain,eu-north-1.mil-pl.cloud
domain,eu-west-3-aws.mil-pl.cloud
domain,eu-central-2-aws.mil-pl.cloud
domain,eu-north-1-aws.mil-pl.cloud
domain,eu-west-1.mil-pl.cloud
domain,eu-south-2-aws.mil-pl.cloud
domain,eu-west-2-aws.mil-pl.cloud
domain,eu-central-1.mil-pl.cloud
domain,eu-west-3-aws.quirinale.cloud
domain,eu-central-1-aws.s3-be.cloud
domain,eu-west-1-aws.gov-ua.cloud
domain,eu-west-1.difesa-it.cloud
domain,eu-west-3-aws.dep-no.cloud
domain,eu-central-1-aws.minbuza.cloud
domain,eu-central-1.minbuza.cloud
domain,eu-west-1.aws-ukraine.cloud
domain,eu-west-3.msz-pl.cloud
domain,eu-north-1-aws.presidencia-pt.cloud
domain,eu-west-1-aws.quirinale.cloud
domain,eu-north-1.mzv-sk.cloud
domain,eu-central-1-aws.dep-no.cloud
domain,eu-southeast-1-aws.mzv-sk.cloud
domain,eu-west-2-aws.gv-at.cloud
domain,eu-south-2-aws.quirinale.cloud
domain,eu-east-1-aws.msz-pl.cloud
domain,eu-central-1-aws.mindef-nl.cloud
domain,eu-central-1.s3-nato.cloud
domain,eu-southeast-1-aws.mzv-cz.cloud
domain,eu-south-2-aws.gov-pl.cloud
domain,eu-southeast-1-aws.ukrainesec.cloud
domain,eu-west-2-aws.dep-no.cloud
domain,eu-west-3-aws.msz-pl.cloud
domain,eu-north-1-aws.minbuza.cloud
domain,eu-central-2-aws.mzv-sk.cloud
domain,eu-central-1-aws.quirinale.cloud
domain,eu-north-1.s3-be.cloud
domain,eu-southeast-1-aws.quirinale.cloud
domain,eu-south-2-aws.msz-pl.cloud
domain,us-east-2.ukrainesec.cloud
domain,eu-central-2-aws.presidencia-pt.cloud
domain,eu-east-1-aws.mzv-sk.cloud
domain,eu-north-1-aws.quirinale.cloud
domain,eu-north-1.mil-be.cloud
domain,eu-north-1-aws.ncfta.cloud
domain,eu-south-2.s3-be.cloud
domain,eu-north-1-aws.difesa-it.cloud
domain,eu-east-1-aws.mindef-nl.cloud
domain,eu-central-1-aws.presidencia-pt.cloud
domain,eu-north-1-aws.dep-no.cloud
domain,eu-east-1-aws.dep-no.cloud
domain,eu-west-2-aws.mindef-nl.cloud
domain,eu-south-1-aws.dep-no.cloud
domain,eu-west-2-aws.quirinale.cloud
domain,eu-west-3-aws.mzv-sk.cloud
domain,eu-west-1-aws.gov-trust.cloud
domain,eu-south-1-aws.minbuza.cloud
domain,eu-east-1-aws.quirinale.cloud
domain,eu-west-3.mzv-sk.cloud
domain,eu-west-3-aws.difesa-it.cloud
domain,eu-central-2-aws.dep-no.cloud
domain,eu-north-1.difesa-it.cloud
domain,eu-south-1-aws.mil-be.cloud
domain,eu-south-2-aws.minbuza.cloud
domain,eu-central-1-aws.ukrainesec.cloud
domain,central-2-aws.ukrainesec.cloud
domain,eu-west-1.regeringskansliet-se.cloud
domain,eu-west-2-aws.msz-pl.cloud
domain,eu-south-2.ukrainesec.cloud
domain,eu-south-2-aws.regeringskansliet-se.cloud
domain,eu-central-1-aws.msz-pl.cloud
domain,eu-west-3.ukrainesec.cloud
domain,eu-south-1-aws.difesa-it.cloud
domain,eu-west-1-aws.minbuza.cloud
domain,eu-south-1-aws.quirinale.cloud
domain,eu-north-1-aws.regeringskansliet-se.cloud
domain,eu-east-1-aws.minbuza.cloud
domain,eu-south-1-aws.admin-ch.cloud
domain,eu-west-1-aws.ukrainesec.cloud
domain,eu-south-1-aws.mzv-sk.cloud
domain,eu-central-1-aws.regeringskansliet-se.cloud
domain,eu-central-1.regeringskansliet-se.cloud
domain,eu-central-2-aws.mindef-nl.cloud
domain,eu-south-2.dep-no.cloud
domain,eu-south-2-aws.ncfta.cloud
domain,eu-west-2-aws.difesa-it.cloud
domain,eu-southeast-1-aws.dep-no.cloud
domain,eu-central-1.difesa-it.cloud
domain,eu-west-1.msz-pl.cloud
domain,eu-central-2-aws.msz-pl.cloud
domain,eu-central-1.quirinale.cloud
domain,eu-west-2-aws.minbuza.cloud
domain,eu-east-1-aws.ukrtelecom.cloud
domain,eu-west-3-aws.mindef-nl.cloud
domain,eu-west-3.minbuza.cloud
domain,eu-west-2-aws.mzv-sk.cloud
domain,eu-central-1-aws.ncfta.cloud
domain,eu-west-1-aws.dep-no.cloud
domain,eu-north-1.gov-trust.cloud
domain,eu-southeast-1-aws.mil-pl.cloud
domain,eu-southeast-1-aws.mindef-nl.cloud
domain,eu-west-3.mindef-nl.cloud
domain,eu-south-2-aws.dep-no.cloud
domain,eu-west-3-aws.regeringskansliet-se.cloud
domain,eu-north-1.ncfta.cloud
domain,eu-east-1-aws.regeringskansliet-se.cloud
domain,eu-west-3-aws.gov-trust.cloud
domain,eu-central-1-aws.mzv-sk.cloud
domain,eu-southeast-1-aws.difesa-it.cloud
domain,eu-central-2-aws.regeringskansliet-se.cloud
domain,eu-west-3-aws.minbuza.cloud
domain,eu-west-1.mzv-sk.cloud
domain,ap-northeast-1-aws.ukrainesec.cloud
domain,eu-north-1.gv-at.cloud
domain,eu-south-2-aws.mzv-sk.cloud
domain,eu-central-1.msz-pl.cloud
domain,eu-south-2.mindef-nl.cloud
domain,eu-central-2-aws.s3-be.cloud
domain,eu-southeast-1-aws.msz-pl.cloud
domain,eu-central-1.mindef-nl.cloud
domain,eu-west-1.minbuza.cloud
domain,eu-east-1-aws.ua-gov.cloud
domain,gov-ua.cloud
domain,zero-trust.solutions
domain,mil-be.cloud
domain,s3-be.cloud
domain,ua-gov.cloud
domain,ukrtelecom.cloud
domain,gov-pl.cloud
domain,gov-trust.cloud
domain,mfa-gov.cloud
domain,eu-south-1-aws.mfa-gov.cloud
domain,eu-south-2-aws.mfa-gov.cloud
domain,mil-pl.cloud
domain,s3-nato.cloud
domain,aws-ukraine.cloud
domain,s3-iri.cloud
domain,aws-data.cloud
domain,mmr-gov.cloud
domain,mzd-gov.cloud
domain,s3-state.cloud
domain,mil-pt.cloud
domain,md-gov.cloud
domain,mv-gov.cloud
domain,mil-ee.cloud
domain,s3-esa.cloud
domain,ua-energy.cloud
domain,eu-central-1.ukrtelecom.cloud
domain,s3-dnc.cloud
domain,ca-west-1.mfa-gov.cloud
domain,mo-gov.cloud
domain,my-gov.cloud
domain,aws-il.cloud
domain,s3-ned.cloud
domain,eu-west-3-aws.s3-be.cloud
domain,uoou-gov.cloud
domain,gov-au.cloud
domain,s3-spacex.cloud
domain,ua-mil.cloud
domain,aws-meetings.cloud
domain,ua-se.cloud
domain,nakit-gov.cloud
domain,mpo-gov.cloud
domain,s3-nsa.cloud
domain,s3-zoho.cloud
domain,s3-atlassian.cloud
domain,eu-north-1-aws.ua-energy.cloud
domain,s3-rackspace.cloud
domain,mpsv-gov.cloud
domain,aws-secure.cloud
domain,s3-rand.cloud
domain,aws-meet.cloud
domain,s3-de.cloud
domain,eu-central-1.mfa-gov.cloud
domain,us-west-1.aws-ukraine.cloud
domain,gov-lv.cloud
domain,townoflakelure.com
domain,aws-join.cloud
domain,gov-sk.cloud
domain,gov-fi.cloud
domain,s3-dgap.cloud
domain,gov-gr.cloud
domain,nukib-gov.cloud
domain,nbu-gov.cloud
domain,mod-gov-il.cloud
domain,s3-csis.cloud
domain,us-west-1-amazon.ua-energy.cloud
domain,ua-sec.cloud
domain,s3-stig.cloud
domain,mfa-gov-il.cloud
domain,s3-blackberry.cloud
domain,mzv-gov.cloud
domain,us-west-1.ukrtelecom.cloud
domain,s3-marcus.cloud
domain,aws-online.cloud
domain,mze-gov.cloud
domain,s3-acronis.cloud
domain,s3-aws.cloud
domain,ua-aws.army
domain,aws-s3.cloud
domain,totalconstruction.com.au
domain,awsplatform.online
domain,eu-west-1-aws.gov-pl.cloud
domain,us-east-2-aws.ua-gov.cloud
domain,s3-fbi.cloud
domain,voa-gov.cloud
domain,eu-east-1-aws.mil-pl.cloud
domain,vlada-gov.cloud
domain,mf-gov.cloud
domain,eu-north-1-aws.ua-gov.cloud
domain,s3-ua.cloud
domain,s3-bah.cloud
domain,eu-west-3.presidencia-pt.cloud
domain,eu-central-1-aws.mfa-gov.cloud
domain,s3-proofpoint.cloud
domain,eru-gov.cloud
domain,s3-monitoring.cloud
domain,ua-sn.cloud
domain,s3-ucia.cloud
domain,gov-lt.cloud
domain,s3-hudson.cloud
domain,s3-dk.cloud
domain,mzp-gov.cloud
domain,us-east-1-aws.mfa-gov.cloud
domain,s3-army.cloud
domain,s3-knowbe4.cloud
domain,s3-ida.cloud
domain,govps.cloud
domain,msmt-gov.cloud
domain,swpartners.com.au
domain,feedzai-gov.cloud
domain,mfa-gov-tr.cloud
domain,govtr.cloud
domain,policie-gov.cloud
domain,gov-aws.cloud
domain,us-west-2-aws.mfa-gov.cloud
domain,s3-pt.cloud
domain,uohs-gov.cloud
domain,eu-north-1.regeringskansliet-se.cloud
domain,govua.cloud
