"type","value","source"
"url","https://pipicka.xyz","public"
"hash_sha256","002E1207B96361FC4D53B10621225D61700003241FA38CAACB411384B3D51135","public"
"hash_sha256","0120A6396952AEC3F05EC0B0EFE25E2A1B73545D55D74A3AC0BCD359D29F52BB","public"
"hash_sha256","0420FD9E5F9961458604909391FB0F1A353C17C986B55FC5722C1B68E41865DF","public"
"hash_sha256","05390DD0D2C84F77475C0C6AA082638E23977DA591302E911CBCB071C42A9451","public"
"hash_sha256","0BDA4BEDED9C2923FE16F20B7CBD7BAF1A5B7078BE5CDE715592529A974F9BD9","public"
"hash_sha256","0BF85D9065FEB20EE946ACF77C985CC7EC78DE048EE41D8C5931E0E88873EFAA","public"
"hash_sha256","119AD3DCE05B5EF3DB5A76655AC050EAC51E318F1F31351AC103693A0A849158","public"
"hash_sha256","131C27C3DCE040979044AC1D363050C5D226AF76AEF1454BBF87C7193F8FC747","public"
"hash_sha256","131D8F72FDE45C5CA1F662C510C3DA16FBCD8FF6EF9B9FD893C25A9C8E8EC205","public"
"hash_sha256","14D799F7897D25F7CFB4D1C86F43C791B6D778D2EFD92B5FAC4F65FC472BF501","public"
"hash_sha256","151B2DC70D141C12A33D8E45A80659FC53A71734E27233326BFF150AC87744EA","public"
"hash_sha256","1539468A21A439DD4F8D72A6C34CE503F0585281FC2E88535C3C33727BFDC717","public"
"hash_sha256","16BDDE15CBF9190883C146BAB495C8BE73DAFF4FFF5FFBF86B4EE46847103FBA","public"
"hash_sha256","18683BBA19695D325372D195634AFD2F76B14896BA68225BA51EA5A039F2F76D","public"
"hash_sha256","1AAF59F05BB724D501CC9BCD6642AB8FD7347CF274D46C24719C9DCED9B22BEA","public"
"hash_sha256","1AE423E91F6CD679F9EA5BE879B07379633B05CD850C37A8A65CDEAF508D097E","public"
"hash_sha256","1B25C3D56FDB195B427A9C3BFC1F0E98E77A15322E8D3FC53A18EDCC4891847F","public"
"hash_sha256","1C4419D687BF45BDC5474B6347E41E89459FC0F5115F0D012C46C57280B242BF","public"
"hash_sha256","1D9DD914CF623DCAE4B88834744A005E5E3EAE827DED1AAFD23ED1D7BE57B90A","public"
"hash_sha256","21DDFBF726CAA6D0F32A6BBCE8E619F75C81F884BCA48564C7A0E5A84BF4BD39","public"
"hash_sha256","22DE84E8F29CBA932CF65CF4DC1D333CB8B2E468204F97030712BEE32691AC3B","public"
"hash_sha256","23B37D2EBE683CEC3B145B6F2234EE728B99228CF3774399FCFAD9502DAAB9A9","public"
"hash_sha256","248DED4723E9F5DA793E5E42D1BA7C2293DD704718F149B84B3B9B818A1F51DB","public"
"hash_sha256","2952D72AD1D44F3D424600B8FA4076794E2E072AB46936012A5FB872C67CE189","public"
"hash_sha256","2B1248D89FD9A7C716816F9688402942827FC1BFA89D5DCCD741521725104279","public"
"hash_sha256","2B650E2E2C46A52378AEE70FBAFF1CE5E832C759C5F937532047F52500428C4D","public"
"hash_sha256","2C98781E39A091B370EBD748B495C45752B2C54CDF2C36814358C8C6BD3AE912","public"
"hash_sha256","2FE30ECCD36F4346CB117AF0CF626C2BCA84B50C658B0C9AF09110B9F86A53F4","public"
"hash_sha256","3B7A80FC62EB8B248FD0BE0D94C78F1EFE2F510499C68865A6D0C4EAD6BC4055","public"
"hash_sha256","3C509EC732979D8C91009D2C9F898BEA81F3FC4064C3C56576257F61F9BFAAEE","public"
"hash_sha256","3E2BC0BD2EB84282086CC5946673B22414A16E982402F1F05EA57059D2962588","public"
"hash_sha256","3F2F69A8403E6B4E02EBE65448CAF6ABB8E2FBD1F7636EC71599F2D2D5FAC8FB","public"
"hash_sha256","3F67B777660241A1AFC39F2EC388CAC933A9EB31B3A34BDDD12E39E663F1B566","public"
"hash_sha256","417FC4D6119DAC40F276B563498A0AD3F9BF42262EC650A4463CBDBE78DA388B","public"
"hash_sha256","41AD1F28134F4B4A443B53AF04AEB3FA57A2F72A3CC58A6466E84FC3225F38BE","public"
"hash_sha256","43D597783AF656A35184021F5E20686896463A1712F9216E0217A2CA740E3935","public"
"hash_sha256","44A4AC119349F525D877728B53FE38453A516881D577679CAF08AB69312A695F","public"
"hash_sha256","45B2BA7C7A39817E1421F2ABE2F869FA16AF9651A6C863AC59683268FB391FE6","public"
"hash_sha256","48BB091E0CAB562FE094E0EF6A77B434DBA97380C09A707220CBD9CA37999484","public"
"hash_sha256","4C001E107A42D65C1B1E6092E4AA6932DBD1544D097D1A432BA27E3B4BDDFCC1","public"
"hash_sha256","50EBF107D522326C9A9DB8821FE3263AA5136964FAAF5DD183657BBB52725F84","public"
"hash_sha256","5115277EABF2D22D49DCEF1E155874387D8E783853BD86DEBF7FF58588AAE35D","public"
"hash_sha256","5272917261D7091A59E00F9D09CD7EB1D3E111115A5B367F79A66D0D7C7B01F4","public"
"hash_sha256","555360FB918B959176D669EF0ED40EC0B5EE57005FC625109891A16D02952462","public"
"hash_sha256","55640AD319208915593DB8AD43724DDDF6E6E17FC6B0014AFFA69C90F5CD1EB4","public"
"hash_sha256","5AB41CF20315D2EA1385967D588159873A65EF5581A0B78DE06C0D8617894194","public"
"hash_sha256","5BB5CFFDA4647940919A185DF37AAB2AEF71CA3010A6C1D05BDCC8BC8FB3AF3F","public"
"hash_sha256","5C3D820E032592F47FFB4850AE0183749199B3E0DCA3413CD0C3CB631E322F1B","public"
"hash_sha256","5E97848BEBF521766910D9C8378E98BF7AA1CE4B06AEB6C3F86C31ABABBE9663","public"
"hash_sha256","60972ABF5425C191C81BAE117F1DEDAEA13D39BC52F367D5DFF9AD1AA4B9C5CA","public"
"hash_sha256","619D2628DCF0C8E15A6FEBB0E562609556CA57F9F8216800EE77A39E336B8BF4","public"
"hash_sha256","62A879B0D1C1649CC72B2B6F61A8F6BD888625CE6E8A7AEFE0A0461E4F27C525","public"
"hash_sha256","643DE2A1CF9148B896EFECF560C9476FA56118EC477C4E15EB5C2DA4B318061F","public"
"hash_sha256","669002654C264191D4660FBF757860D930175649735F81370B9F1AF3658A304C","public"
"hash_sha256","6700E6D2A0C285D3EBF1A55AECEC63B1E42D7D581F691331C667A8920DAC7029","public"
"hash_sha256","6B84EAB2AAC7754B99D04365A83EC374E3CEA99CC3223118A5F8FD545A8483E5","public"
"hash_sha256","6CDC895EDA4847F700D6F82FA2E3A8C72C10DA1E16455985DF855372142EBBD8","public"
"hash_sha256","71819A1B856B49E7F194CE60468ED8E5EA925C75D01484F4D28FFCF69D480B36","public"
"hash_sha256","771A47120B935E218322046E838347D722D265B91F1AFDEF91194A5BEC86A97A","public"
"hash_sha256","78C108BE692F1C45ED1DA1988E3C5AC792C832A78D0B6E8E6550763156FE8F97","public"
"hash_sha256","7900C2772680523CADC9FE4E07300D45500191BA64FF5B91573531B133840B14","public"
"hash_sha256","7AA76237A7686583CC526B9D1A8486A52BD44A448D75CED51E1DF4BA29DDB163","public"
"hash_sha256","7B297F18ECE81E87608E158288CC9C06CB9F4A8F1B2D2256AECF7BBA8D7BE2AB","public"
"hash_sha256","7C3D0BEBD263D3529132F2299DE55A7801BF3FF40C833B13838BE7A98EA3475E","public"
"hash_sha256","7D09891E26D56A8BEC44C3FE9A5791F3A93E8FA31539951AE6E2C40AF83BA42D","public"
"hash_sha256","8114E3F213713DBBBACAFCD0F62884A7826139B434BB3C77EAE8DCE656477621","public"
"hash_sha256","81EDD5E740BEA0FEFB5C1BBD14A671BD1DAFF37BF3641E34F3A1F7E93559184A","public"
"hash_sha256","83A22D4F61B054BDA53A2EA4F506E97D818C7C961D8CD3975C1F2A51443CF95C","public"
"hash_sha256","843C4DC402E96ED72D7716D980C99E5DFA222A2A322250B7C3755A00D142BC1F","public"
"hash_sha256","86AB5161F761822D16637D4D34B84CA6E1F66CEA905AA27510620C9CF5F170D8","public"
"hash_sha256","86C49174A032EBBBA6AEB1541E2AA84DA0933B2EAC3976F8705451C13BC7F325","public"
"hash_sha256","899CE01E7313F4C1CFCF07CB2456282DED1D6B6C57286762F2914A9D60DE0146","public"
"hash_sha256","8A8CABE5F94E7F4C0CCCA97F0C361618EC944DF03D8B3BFCFDD76A25DD8F7A5A","public"
"hash_sha256","8BA3997AFA07AC60312EDF5F2D16357D1532A140081D638A9E4653768026AC56","public"
"hash_sha256","8C28BC87EB4F2613117D41A716E78F62D55C19EDAEEA573C2C96E787DA055167","public"
"hash_sha256","8F08EAD23767E1E4389927C40AF167122B477AD17A98D388C863342DC9259C5E","public"
"hash_sha256","90B7B2C6F3D05234DC55678243039D7E51F0D54190239E5234A0005533337DC8","public"
"hash_sha256","9394627E9C44CF2226DDF50012E5CF47CCF7D3BD8AFA2395C635A93637E23502","public"
"hash_sha256","94072D60170FC72A528F68B2B3826638DBB7283C8906E8051F53FE16EAF054F8","public"
"hash_sha256","9674DA676EE226EE456D35C774715D9B58655423806F281DE19DC9EF899E9532","public"
"hash_sha256","96E22DA4D5C0EA4B0EFDE0AD3EAA8FDEDC60228F84FB3C56899AFBB9338DA2A1","public"
"hash_sha256","9706EE93F9B4B8214293E2CA4A68525ECCAACFEA58B135DCB2EA661A099EE9E6","public"
"hash_sha256","9789D80077998010C47A6A02EF1241EAB11B69D667DE8751B1E93FED6DF913EB","public"
"hash_sha256","9A19598EA286D5F6FA0B7FF981BA21AFF503FB217757F4DFBD496EAD01805543","public"
"hash_sha256","A18B5A78143F004F33AAFAD998B518AD9EE4DBDEC44817A6E9B570E727D3E22C","public"
"hash_sha256","A4C8A56070FE6F613E79A14554D0A1DBA2F70CE2B93319E72972943CC66EDF4A","public"
"hash_sha256","A7981DFCCD8E4BDC00133DC15B22472C1677D6270826863CAA36E7D58EF50DE0","public"
"hash_sha256","A8BEE6C4A5860B0AE08A984D2A6D62C13D3E91D9514262998924D2E0CEF88F7C","public"
"hash_sha256","A9287E3452AB09144120ECDD20ED7365DE589D5DCAD28DCD8E191742D1CE5744","public"
"hash_sha256","A9FD615FCE38756BA6DE8994F200E4B846397648138A9A0E6EF3B5952EF5E68C","public"
"hash_sha256","AB5ABA292C983DB324987E9FDE2E01FE24A979D1587888FCC7460C9489C54EE0","public"
"hash_sha256","AD1C890F458B94683464C4D6D6D41FE63551C2C06BA2A1B8F71D8ACB6AB16DE3","public"
"hash_sha256","ADD013BF7FFC8A89789A7FD0AE0FF799C620AF9B2755B214880B6A56768FD48C","public"
"hash_sha256","AFCA3BB9FB8D7A4AB4CEB9707F6D9A17352CCFB8ECE83C68B01FBB419818E2FC","public"
"hash_sha256","B3F0D48506FF868BA145C9DCAD7622BC37B723155648053CE2E2E73D8EA30E93","public"
"hash_sha256","B5458541732F91793EF89CC58EC5E46D04BF43985AB4E6DC5AD10B6DA21581EC","public"
"hash_sha256","B7443B0AB48D2F5786D1B6F3A580F02621E9AE5A3877EE3A44E01DF13D984328","public"
"hash_sha256","BBEB74E6AF12536ECB6761A65ED893FBDDD1B86A17CD4A61B616E5FC6106EC9A","public"
"hash_sha256","BE4FCF88A287F783A3D199E889F9F088F77338EAFE0DCE70A38ADE01192FB223","public"
"hash_sha256","C1FAAFF24D58AF798C77D34405379DF0A9E883E5BD1100A86D4C3E001414ACD8","public"
"hash_sha256","C4768D99445128C670A6F848BC69371872E4D6A2160DBE0073E62FFD786C94EE","public"
"hash_sha256","C7159E589E29F9C866CC9983839AE9C9A1457DF542A2DCD5103BAF38636E08FD","public"
"hash_sha256","C86F319F64D25F23AC29D9B53C9764F06A150634EE8E2D836424D460E5A99B52","public"
"hash_sha256","C9295C923DA64738B93FF1827A39A5CB8F6C71EAB060DE416C8175A4A67DA524","public"
"hash_sha256","CC2A6A3B4B771ABA341293D2321E5F7B70CF517403FE44A58635B043E8868BDB","public"
"hash_sha256","D14214E95C9D1EA850E508DFE27928494F2155A7597E4EA0BAD9F70690ABB397","public"
"hash_sha256","D567AF55C97B7A595FCDE5082E37A752718044230C16704E24EFB43025BED0C2","public"
"hash_sha256","DEBA513E2DC52A2931E61F5AC6D550A7938C1F7F63F661867C09D6141EE98560","public"
"hash_sha256","E5F2C7068ADE7B87D24C3B94BC749C351D53609F5FCAA48DCE06234BEAA2444F","public"
"hash_sha256","E6A414A53206E25D061A11E63C7D381AB0EB80CD3D174BD13551E2C36F8B5C04","public"
"hash_sha256","E8514A2372172B4975F77BF69D5E8B7708CFA60157B064FCAB13D7A62A99CC55","public"
"hash_sha256","EC494785F243F5F1B516B31D8455FADAFE5495E11D47A5CE2BD50B1B3791FEC6","public"
"hash_sha256","F0AF281623B422C1D45E7006D78678762341288C05ABCB62648CE55C6B63ACB6","public"
"hash_sha256","F50A01AE446ADFCAADDFFE215ABD94B5643211E83D52ACF5DE540ABF9FB26045","public"
"hash_sha256","FA53663BFB80E197483E1A1BF123B94FA869E2D7F42B5FDFBFF2869589B65A05","public"
"hash_sha256","FA98DEB16BD72F2F77349C8C24DE674A007A3D1EC8E88DD590791A57C08AB8F6","public"
"hash_sha256","FD0C7713520BD19C3E2566E93696532AA7DA39A0C5CE1A797B67CE777B56D395","public"
"hash_sha256","FFE5853D19BE1ACFE12BD681C7390D8FA88534A471020E6866A9E7C37D01FEA2","public"
